ABC,Water,SMBS,Gluten%,SV ml,Moisture,Datetime
3.3,17,140,10.77,26,12.52,2023-04-15:06
3.3,17,140,10.77,26,12.52,2023-04-15:07
3.3,17,140,10.77,26,12.52,2023-04-15:08
3.3,17,140,10.77,26,12.52,2023-04-15:09
3.3,17,140,10.77,26,12.52,2023-04-15:09
5.1,17,140,10.77,26,12.52,2023-04-15:09
5.1,17,140,10.77,26,12.52,2023-04-15:10
5.1,17,140,10.77,26,12.52,2023-04-15:10
5.1,17,140,10.77,26,12.52,2023-04-15:11
5,17,140,10.77,26,12.52,2023-04-15:11
5,17,140,10.77,26,12.52,2023-04-15:12
5,17,140,10.77,26,12.52,2023-04-15:12
4.8,17,140,10.77,26,12.52,2023-04-15:12
4.8,17,140,10.77,26,12.52,2023-04-15:13
4.8,17,140,10.77,26,12.52,2023-04-15:13
4.8,17,140,10.77,26,12.52,2023-04-15:13
4.5,17,140,10.77,26,12.52,2023-04-15:14
4.5,17,140,10.77,26,12.52,2023-04-15:14
4.5,17,140,10.77,26,12.52,2023-04-15:15
4.5,17,140,10.77,26,12.52,2023-04-15:15
4.5,17,140,10.77,26,12.52,2023-04-15:16
4.5,17,140,10.77,26,12.52,2023-04-15:16
4.6,17,140,10.77,26,12.52,2023-04-15:17
4.6,17,140,10.77,26,12.52,2023-04-15:17
4.6,17,140,10.77,26,12.52,2023-04-15:18
4.8,16,140,10.77,26,12.52,2023-04-15:06
4.8,16,140,10.77,26,12.52,2023-04-15:07
4.8,15,140,10.77,26,12.52,2023-04-15:07
4.8,15,140,10.77,26,12.52,2023-04-15:07
4.8,15,140,10.77,26,12.52,2023-04-15:20
4.8,15,140,10.77,26,12.52,2023-04-15:20
4.8,15,140,10.77,26,12.52,2023-04-15:21
4.8,15,140,10.77,26,12.52,2023-04-15:21
4.8,15,140,10.77,26,12.52,2023-04-15:22
4.8,15,140,10.77,26,12.52,2023-04-15:22
4.8,15,140,10.77,26,12.52,2023-04-15:23
4.8,15,140,10.77,26,12.52,2023-04-15:23
4.8,15,140,10.77,26,12.52,2023-04-15:00
4.8,15,140,10.77,26,12.52,2023-04-15:00
4.8,15,140,10.77,26,12.52,2023-04-15:00
4.8,15,140,10.77,26,12.52,2023-04-15:01
4.8,15,140,10.77,26,12.52,2023-04-15:01
4.8,15,140,10.77,26,12.52,2023-04-15:01
4.8,15,140,10.77,26,12.52,2023-04-15:02
4.8,15,140,10.77,26,12.52,2023-04-15:02
4.8,16,140,10.77,26,12.52,2023-04-15:03
4.8,16,140,10.77,26,12.52,2023-04-15:03
4.8,16,140,10.77,26,12.52,2023-04-15:04
4.8,16,140,10.77,26,12.52,2023-04-15:04
4.8,16,140,10.77,26,12.52,2023-04-15:05
5,16,140,11.24,26,12.17,2023-04-17:08
5,16,140,11.24,26,12.17,2023-04-17:08
5,16,140,11.24,26,12.17,2023-04-17:09
5,16,140,11.24,26,12.17,2023-04-17:10
5,16,140,11.24,26,12.17,2023-04-17:10
5,16,140,11.24,26,12.17,2023-04-17:10
5,16,140,11.24,26,12.17,2023-04-17:11
5,16,140,11.24,26,12.17,2023-04-17:11
5,16,140,11.24,26,12.17,2023-04-17:12
5,16,140,11.24,26,12.17,2023-04-17:12
5,16,140,11.24,26,12.17,2023-04-17:12
5,16,140,11.24,26,12.17,2023-04-17:13
5,16,140,11.24,26,12.17,2023-04-17:13
5,16,140,11.24,26,12.17,2023-04-17:14
5,16,140,11.24,26,12.17,2023-04-17:14
5,16,140,11.24,26,12.17,2023-04-17:15
5,16,140,11.24,26,12.17,2023-04-17:15
5,16,140,11.24,26,12.17,2023-04-17:15
5,16,140,11.24,26,12.17,2023-04-17:16
5,16,140,11.24,26,12.17,2023-04-17:16
5,16,140,11.24,26,12.17,2023-04-17:17
4.5,15,130,11.24,26,12.17,2023-04-17:22
4,15,130,11.24,26,12.17,2023-04-17:22
4,15,130,11.24,26,12.17,2023-04-17:23
4.5,15,130,11.24,26,12.17,2023-04-17:23
4.5,15,130,11.24,26,12.17,2023-04-17:00
4.5,15,130,11.24,26,12.17,2023-04-17:00
5,15,130,11.24,26,12.17,2023-04-17:01
5,15,130,11.24,26,12.17,2023-04-17:01
5.5,15,130,11.24,26,12.17,2023-04-17:01
5.5,15,130,11.24,26,12.17,2023-04-17:02
5.5,15,130,11.24,26,12.17,2023-04-17:02
5,15,130,11.24,26,12.17,2023-04-17:03
5,15,130,11.24,26,12.17,2023-04-17:03
5,15,130,11.24,26,12.17,2023-04-17:04
5,15,130,11.24,26,12.17,2023-04-17:04
5,15,130,11.24,26,12.17,2023-04-17:05
5,15,130,11.24,26,12.17,2023-04-17:05
5,15,130,11.24,26,12.17,2023-04-17:06
5,15,130,11.24,26,12.17,2023-04-17:06
5.2,16,130,11.24,26,12.17,2023-04-18:07
5.2,16,130,11.24,26,12.17,2023-04-18:08
5.2,16,130,11.24,26,12.17,2023-04-18:08
5.2,16,130,11.24,26,12.17,2023-04-18:09
5.2,16,130,11.24,26,12.17,2023-04-18:09
5.2,16,130,11.24,26,12.17,2023-04-18:10
5.4,16,130,11.24,26,12.17,2023-04-18:11
5.4,16,130,11.24,26,12.17,2023-04-18:11
5.4,16,120,11.24,26,12.17,2023-04-18:12
5.4,16,120,11.24,26,12.17,2023-04-18:12
5.4,16,120,11.24,26,12.17,2023-04-18:15
5.4,16,120,11.24,26,12.17,2023-04-18:16
5.4,16,120,11.24,26,12.17,2023-04-18:16
5.4,16,120,11.24,26,12.17,2023-04-18:16
5.4,16,120,11.24,26,12.17,2023-04-18:16
5.4,16,120,11.24,26,12.17,2023-04-18:17
5.4,16,120,11.24,26,12.17,2023-04-18:18
5.5,16,130,11.24,26,12.17,2023-04-18:19
5.5,16,130,11.24,26,12.17,2023-04-18:19
5.5,16,130,11.24,26,12.17,2023-04-18:20
5.5,16,130,11.24,26,12.17,2023-04-18:20
5.5,16,130,11.24,26,12.17,2023-04-18:21
5.4,16,130,11.24,26,12.17,2023-04-18:21
5.4,16,130,11.24,26,12.17,2023-04-18:22
5.4,16,130,11.24,26,12.17,2023-04-18:22
5.4,16,130,11.24,26,12.17,2023-04-18:23
5.4,16,130,11.24,26,12.17,2023-04-18:23
5.4,16,130,11.24,26,12.17,2023-04-18:00
5.4,16,130,11.24,26,12.17,2023-04-18:00
5.4,16,130,11.24,26,12.17,2023-04-18:01
5.4,16,130,11.24,26,12.17,2023-04-18:01
5.4,16,130,11.24,26,12.17,2023-04-18:02
5.4,16,130,11.24,26,12.17,2023-04-18:02
5.4,16,130,11.24,26,12.17,2023-04-18:02
5.4,16,130,11.24,26,12.17,2023-04-18:03
5.4,16,130,11.24,26,12.17,2023-04-18:04
5.4,16,130,11.24,26,12.17,2023-04-18:04
5.4,16,130,11.24,26,12.17,2023-04-18:05
5.4,16,130,11.24,26,12.17,2023-04-18:05
5.4,16,130,11.24,26,12.17,2023-04-18:06
5.4,16,130,11.24,26,12.17,2023-04-18:07
5.4,16,130,10.97,24,13.29,2023-04-19:07
5.4,16,130,10.97,24,13.29,2023-04-19:07
5.4,16,130,10.97,24,13.29,2023-04-19:08
5.4,16,130,10.97,24,13.29,2023-04-19:08
5.2,15,120,10.97,24,13.29,2023-04-19:09
5.2,15,120,10.97,24,13.29,2023-04-19:09
5.2,15,120,10.97,24,13.29,2023-04-19:10
5.2,15,120,10.97,24,13.29,2023-04-19:10
5.2,15,120,10.97,24,13.29,2023-04-19:11
5.2,15,120,10.97,24,13.29,2023-04-19:11
5.2,15,120,10.97,24,13.29,2023-04-19:12
5.4,15,120,10.97,24,13.29,2023-04-19:12
5.4,15,120,10.97,24,13.29,2023-04-19:16
5.4,15,120,10.97,24,13.29,2023-04-19:17
5.4,15,120,10.97,24,13.29,2023-04-19:17
5.4,15,120,10.97,24,13.29,2023-04-19:18
5.4,15,130,10.97,24,13.29,2023-04-19:20
5.4,15,130,10.97,24,13.29,2023-04-19:20
5.4,15,130,10.97,24,13.29,2023-04-19:21
5.4,15,130,10.97,24,13.29,2023-04-19:21
5.4,15,130,10.97,24,13.29,2023-04-19:22
5.4,15,130,10.97,24,13.29,2023-04-19:22
5.4,15,130,10.97,24,13.29,2023-04-19:22
5.4,15,130,10.97,24,13.29,2023-04-19:22
5.4,15,130,10.97,24,13.29,2023-04-19:23
5.4,15,130,10.97,24,13.29,2023-04-19:23
5.4,15,130,10.97,24,13.29,2023-04-19:00
5.4,15,130,10.97,24,13.29,2023-04-19:00
5.4,15,130,10.97,24,13.29,2023-04-19:01
5.4,15,130,10.97,24,13.29,2023-04-19:01
5.4,15,130,10.97,24,13.29,2023-04-19:02
5.4,15,130,10.97,24,13.29,2023-04-19:02
5.4,15,130,10.97,24,13.29,2023-04-19:03
5.4,15,130,10.97,24,13.29,2023-04-19:03
5.4,15,130,10.97,24,13.29,2023-04-19:04
5.4,15,130,10.97,24,13.29,2023-04-19:05
5.4,15,130,10.97,24,13.29,2023-04-19:05
5.4,15,130,10.97,24,13.29,2023-04-19:06
5.4,15,130,10.97,24,13.29,2023-04-19:06
5.4,15,130,10.97,24,13.29,2023-04-20:06
5.4,15,130,10.97,24,13.29,2023-04-20:07
5.4,15,130,10.97,24,13.29,2023-04-20:07
5.4,15,130,10.97,24,13.29,2023-04-20:09
5.4,15,130,10.97,24,13.29,2023-04-20:09
5.4,15,130,10.97,24,13.29,2023-04-20:10
5.4,15,130,10.97,24,13.29,2023-04-20:11
5.4,15,130,10.97,24,13.29,2023-04-20:11
5.4,15,130,10.97,24,13.29,2023-04-20:00
5.4,15,130,10.97,24,13.29,2023-04-20:00
5.4,15,130,10.97,24,13.29,2023-04-20:00
5.4,15,130,10.97,24,13.29,2023-04-20:01
5.4,15,130,10.97,24,13.29,2023-04-20:01
5.4,15,130,10.97,24,13.29,2023-04-20:02
5.4,15,130,10.97,24,13.29,2023-04-20:02
5.4,15,130,10.97,24,13.29,2023-04-20:03
5.4,15,130,10.97,24,13.29,2023-04-20:03
5.4,15,130,10.97,24,13.29,2023-04-20:04
5.4,15,130,10.97,24,13.29,2023-04-20:04
5.4,15,130,10.97,24,13.29,2023-04-20:04
5.4,15,130,10.97,24,13.29,2023-04-20:05
5.4,15,130,10.97,24,13.29,2023-04-20:05
5.4,15,130,10.97,24,13.29,2023-04-20:06
5.4,15,130,10.97,24,13.29,2023-04-20:06
5.4,15,130,10.97,24,13.29,2023-04-20:07
5.4,15,130,10.97,24,13.29,2023-04-21:07
5.4,15,130,10.97,24,13.29,2023-04-21:08
5.4,15,130,10.97,24,13.29,2023-04-21:09
5.4,15,130,10.97,24,13.29,2023-04-21:09
5.4,15,130,10.97,24,13.29,2023-04-21:10
5.4,15,130,10.97,24,13.29,2023-04-21:10
5.4,15,130,10.97,24,13.29,2023-04-21:11
5.4,15,130,10.97,24,13.29,2023-04-21:11
5.4,15,130,10.97,24,13.29,2023-04-21:12
5.4,15,130,10.97,24,13.29,2023-04-21:12
5.4,15,130,10.97,24,13.29,2023-04-21:13
5.4,15,130,10.97,24,13.29,2023-04-21:13
5.4,15,130,10.97,24,13.29,2023-04-21:13
5.4,15,130,10.97,24,13.29,2023-04-21:14
5.4,15,130,10.97,24,13.29,2023-04-21:15
5.4,15,130,10.97,24,13.29,2023-04-21:15
5.4,15,130,10.97,24,13.29,2023-04-21:15
5.4,15,130,10.97,24,13.29,2023-04-21:16
5.4,15,130,10.97,24,13.29,2023-04-21:16
5.4,15,130,10.97,24,13.29,2023-04-21:17
5.4,15,130,10.97,24,13.29,2023-04-21:17
5.4,15,130,10.97,24,13.29,2023-04-21:17
5.4,15,130,10.97,24,13.29,2023-04-21:19
5.4,15,130,10.97,24,13.29,2023-04-21:20
5.4,15,130,10.97,24,13.29,2023-04-21:21
5.4,15,130,10.97,24,13.29,2023-04-21:22
5.4,15,130,10.97,24,13.29,2023-04-21:22
5.4,15,130,10.97,24,13.29,2023-04-21:23
5.4,15,130,10.97,24,13.29,2023-04-21:23
5.4,15,130,10.97,24,13.29,2023-04-21:00
5.4,15,130,10.97,24,13.29,2023-04-21:00
5.4,15,130,10.97,24,13.29,2023-04-21:00
5.4,15,130,10.97,24,13.29,2023-04-21:01
5.4,15,130,10.97,24,13.29,2023-04-21:01
5.4,15,130,10.97,24,13.29,2023-04-21:02
5.4,15,130,10.97,24,13.29,2023-04-21:02
5.4,15,130,10.97,24,13.29,2023-04-21:03
5.4,15,130,10.97,24,13.29,2023-04-21:03
5.4,15,130,10.97,24,13.29,2023-04-21:04
5.4,15,130,10.97,24,13.29,2023-04-21:04
5.4,15,130,10.97,24,13.29,2023-04-21:05
5.5,16,130,11.48,27,12.98,2023-04-24:08
5.5,16,130,11.48,27,12.98,2023-04-24:08
5.5,16,130,11.48,27,12.98,2023-04-24:09
5.5,16,130,11.48,27,12.98,2023-04-24:09
5.5,16,130,11.48,27,12.98,2023-04-24:10
5.5,16,130,11.48,27,12.98,2023-04-24:10
5.5,16,130,11.48,27,12.98,2023-04-24:11
5.5,16,130,11.48,27,12.98,2023-04-24:11
5.5,16,130,11.48,27,12.98,2023-04-24:11
5.5,16,130,11.48,27,12.98,2023-04-24:12
5.5,16,130,11.48,27,12.98,2023-04-24:12
5.5,16,130,11.48,27,12.98,2023-04-24:13
5.5,16,130,11.48,27,12.98,2023-04-24:13
5.5,16,130,11.48,27,12.98,2023-04-24:14
5.5,16,130,11.48,27,12.98,2023-04-24:14
5.5,16,130,11.48,27,12.98,2023-04-24:15
5.5,16,130,11.48,27,12.98,2023-04-24:15
5.5,16,130,11.48,27,12.98,2023-04-24:16
5.5,16,130,11.48,27,12.98,2023-04-24:16
5.5,16,130,11.48,27,12.98,2023-04-24:17
5.5,16,130,11.48,27,12.98,2023-04-24:17
5.5,16,130,11.48,27,12.98,2023-04-24:18
6.2,18,130,11.48,27,12.98,2023-04-24:18
6.2,18,130,11.48,27,12.98,2023-04-24:19
6.2,18,130,11.48,27,12.98,2023-04-24:19
6.2,18,130,11.48,27,12.98,2023-04-24:20
6.2,18,130,11.48,27,12.98,2023-04-24:21
6.2,18,130,11.48,27,12.98,2023-04-24:21
6.2,18,130,11.48,27,12.98,2023-04-24:22
6.2,18,130,11.48,27,12.98,2023-04-24:22
6.2,18,130,11.48,27,12.98,2023-04-24:22
6.2,18,130,11.48,27,12.98,2023-04-24:23
6.2,18,130,11.48,27,12.98,2023-04-24:23
6.2,18,130,11.48,27,12.98,2023-04-24:23
6.2,18,130,11.48,27,12.98,2023-04-24:01
6.2,18,130,11.48,27,12.98,2023-04-24:01
6.2,18,130,11.48,27,12.98,2023-04-24:02
6.2,18,130,11.48,27,12.98,2023-04-24:02
6.2,18,130,11.48,27,12.98,2023-04-24:03
6.2,18,130,11.48,27,12.98,2023-04-24:03
6.2,18,130,11.48,27,12.98,2023-04-24:04
6.2,18,130,11.48,27,12.98,2023-04-24:04
6.2,18,130,11.48,27,12.98,2023-04-24:05
6.2,18,130,11.48,27,12.98,2023-04-24:05
6,18,130,11.48,27,12.98,2023-04-25:08
6,18,130,11.48,27,12.98,2023-04-25:09
6,18,130,11.48,27,12.98,2023-04-25:09
6,18,130,11.48,27,12.98,2023-04-25:09
6,18,130,11.48,27,12.98,2023-04-25:09
6,18,130,11.48,27,12.98,2023-04-25:10
6,18,130,11.48,27,12.98,2023-04-25:10
6,18,130,11.48,27,12.98,2023-04-25:11
6,18,130,11.48,27,12.98,2023-04-25:11
6,18,130,11.48,27,12.98,2023-04-25:11
6,18,130,11.48,27,12.98,2023-04-25:12
6,18,130,11.48,27,12.98,2023-04-25:12
6,18,130,11.48,27,12.98,2023-04-25:13
6.1,18,130,11.48,27,12.98,2023-04-25:13
6.1,18,130,11.48,27,12.98,2023-04-25:14
6.1,18,130,11.48,27,12.98,2023-04-25:14
6.1,18,130,11.48,27,12.98,2023-04-25:15
6.1,18,130,11.48,27,12.98,2023-04-25:15
6.1,18,130,11.48,27,12.98,2023-04-25:16
5.9,18,130,11.48,27,12.98,2023-04-25:16
5.9,18,130,11.48,27,12.98,2023-04-25:17
5.9,18,130,11.48,27,12.98,2023-04-25:17
5.9,18,130,11.48,27,12.98,2023-04-25:18
5.9,18,130,11.48,27,12.98,2023-04-25:18
5.9,18,130,11.48,27,12.98,2023-04-25:18
5.9,18,130,11.48,27,12.98,2023-04-25:19
5.9,18,130,11.48,27,12.98,2023-04-25:20
5.9,18,130,11.48,27,12.98,2023-04-25:21
5.9,18,130,11.48,27,12.98,2023-04-25:22
5.9,18,130,11.48,27,12.98,2023-04-25:22
5.9,18,130,11.48,27,12.98,2023-04-25:23
5.9,18,130,11.48,27,12.98,2023-04-25:00
6.2,18,130,11.48,27,12.98,2023-04-25:00
6.2,18,130,11.48,27,12.98,2023-04-25:01
6.2,18,130,11.48,27,12.98,2023-04-25:01
6.2,18,130,11.48,27,12.98,2023-04-25:02
6.2,18,130,11.48,27,12.98,2023-04-25:02
5.9,18,130,11.48,27,12.98,2023-04-25:03
5.9,18,130,11.48,27,12.98,2023-04-25:04
5.9,18,130,11.48,27,12.98,2023-04-25:04
5.9,18,130,11.48,27,12.98,2023-04-25:05
5.9,18,130,11.48,27,12.98,2023-04-25:05
6.5,18,130,11.48,27,12.98,2023-04-26:08
6.5,18,130,11.48,27,12.98,2023-04-26:08
6.3,18,130,11.48,27,12.98,2023-04-26:09
6.3,18,130,11.48,27,12.98,2023-04-26:09
6.3,18,130,11.48,27,12.98,2023-04-26:09
6.3,18,130,11.48,27,12.98,2023-04-26:10
6.1,18,130,11.48,27,12.98,2023-04-26:10
6.1,18,130,11.48,27,12.98,2023-04-26:10
6.1,18,130,11.48,27,12.98,2023-04-26:11
6.1,18,130,11.48,27,12.98,2023-04-26:11
6.1,18,130,11.48,27,12.98,2023-04-26:11
6.1,18,130,11.48,27,12.98,2023-04-26:12
6.1,18,130,11.48,27,12.98,2023-04-26:12
6.1,18,130,11.48,27,12.98,2023-04-26:12
6.1,18,130,11.48,27,12.98,2023-04-26:13
6.1,18,130,11.48,27,12.98,2023-04-26:13
6.1,18,130,11.48,27,12.98,2023-04-26:14
6.1,18,130,11.48,27,12.98,2023-04-26:14
6.1,18,130,11.48,27,12.98,2023-04-26:15
6.1,18,130,11.48,27,12.98,2023-04-26:15
6.1,18,130,11.48,27,12.98,2023-04-26:16
6.1,18,130,11.48,27,12.98,2023-04-26:17
6.1,18,130,11.48,27,12.98,2023-04-26:17
6.1,18,130,11.48,27,12.98,2023-04-26:18
6.1,18,130,11.48,27,12.98,2023-04-26:18
5.9,18,110,11.48,27,12.98,2023-04-26:20
5.9,18,110,11.48,27,12.98,2023-04-26:20
5.9,18,110,11.48,27,12.98,2023-04-26:22
5.9,18,110,11.48,27,12.98,2023-04-26:22
5.9,18,110,11.48,27,12.98,2023-04-26:23
5.9,18,110,11.48,27,12.98,2023-04-26:23
5.9,18,110,11.48,27,12.98,2023-04-26:00
5.9,18,110,11.48,27,12.98,2023-04-26:00
5.9,18,110,11.48,27,12.98,2023-04-26:01
6.2,18,110,11.48,27,12.98,2023-04-26:01
6.2,18,110,11.48,27,12.98,2023-04-26:01
6.2,18,110,11.48,27,12.98,2023-04-26:02
6.2,18,110,11.48,27,12.98,2023-04-26:02
6.2,18,110,11.48,27,12.98,2023-04-26:03
6.2,18,110,11.48,27,12.98,2023-04-26:03
6.2,18,110,11.48,27,12.98,2023-04-26:04
6.2,18,110,11.48,27,12.98,2023-04-26:04
6.2,18,110,11.48,27,12.98,2023-04-26:05
6.2,18,110,11.48,27,12.98,2023-04-26:05
6.2,18,110,11.48,27,12.98,2023-04-26:05
6.2,18,110,11.48,27,12.98,2023-04-26:06
6.7,22,110,11.48,27,12.98,2023-04-27:07
6.7,22,110,11.48,27,12.98,2023-04-27:07
6.7,22,110,11.48,27,12.98,2023-04-27:08
6.7,22,110,11.48,27,12.98,2023-04-27:08
6.7,22,110,11.48,27,12.98,2023-04-27:09
6.7,22,110,11.48,27,12.98,2023-04-27:09
6.7,22,110,11.48,27,12.98,2023-04-27:09
6.7,22,110,11.48,27,12.98,2023-04-27:10
6.5,22,110,11.48,27,12.98,2023-04-27:10
6.5,22,110,11.48,27,12.98,2023-04-27:11
6.5,22,110,11.48,27,12.98,2023-04-27:11
6.5,22,110,11.48,27,12.98,2023-04-27:12
6.5,22,110,11.48,27,12.98,2023-04-27:12
6.5,22,110,11.48,27,12.98,2023-04-27:13
6.2,22,110,11.48,27,12.98,2023-04-27:13
6.2,22,110,11.48,27,12.98,2023-04-27:13
6,22,110,11.48,27,12.98,2023-04-27:14
6,22,110,11.48,27,12.98,2023-04-27:14
5.8,22,110,11.48,27,12.98,2023-04-27:16
5.8,22,110,11.48,27,12.98,2023-04-27:17
6.2,22,110,11.48,27,12.98,2023-04-27:17
6.5,22,110,11.48,27,12.98,2023-04-27:18
6.5,22,110,11.48,27,12.98,2023-04-27:18
6.5,22,110,11.48,27,12.98,2023-04-27:19
6.5,22,110,11.48,27,12.98,2023-04-27:19
6.4,16,100,11.48,27,12.98,2023-04-27:20
6.4,16,100,11.48,27,12.98,2023-04-27:20
6.4,16,100,11.48,27,12.98,2023-04-27:21
6.4,16,100,11.48,27,12.98,2023-04-27:21
6.4,16,100,11.48,27,12.98,2023-04-27:22
6.4,16,100,11.48,27,12.98,2023-04-27:22
6.4,16,100,11.48,27,12.98,2023-04-27:22
6.4,16,100,11.48,27,12.98,2023-04-27:23
6.4,16,100,11.48,27,12.98,2023-04-27:00
6.4,16,100,11.48,27,12.98,2023-04-27:00
6.4,16,100,11.48,27,12.98,2023-04-27:00
6.4,16,100,11.48,27,12.98,2023-04-27:01
6.4,16,100,11.48,27,12.98,2023-04-27:01
6.4,16,100,11.48,27,12.98,2023-04-27:02
6.4,16,100,11.48,27,12.98,2023-04-27:02
6.4,16,100,11.48,27,12.98,2023-04-27:03
6.4,16,100,11.48,27,12.98,2023-04-27:03
6.4,16,100,11.48,27,12.98,2023-04-27:04
7.5,20,130,11.22,28,12.81,2023-04-28:08
7.5,20,130,11.22,28,12.81,2023-04-28:09
7.5,20,130,11.22,28,12.81,2023-04-28:09
7.5,20,130,11.22,28,12.81,2023-04-28:09
7.5,20,130,11.22,28,12.81,2023-04-28:09
7.5,20,130,11.22,28,12.81,2023-04-28:10
7.5,20,130,11.22,28,12.81,2023-04-28:11
7.5,20,130,11.22,28,12.81,2023-04-28:11
7.5,20,130,11.22,28,12.81,2023-04-28:11
7.5,20,130,11.22,28,12.81,2023-04-28:12
7.5,20,130,11.22,28,12.81,2023-04-28:12
7.5,20,130,11.22,28,12.81,2023-04-28:12
7.5,20,130,11.22,28,12.81,2023-04-28:13
7.5,20,130,11.22,28,12.81,2023-04-28:14
7.5,20,130,11.22,28,12.81,2023-04-28:14
7.5,20,130,11.22,28,12.81,2023-04-28:15
7.5,20,130,11.22,28,12.81,2023-04-28:15
7.5,20,130,11.22,28,12.81,2023-04-28:16
7.5,20,130,11.22,28,12.81,2023-04-28:16
7.5,20,130,11.22,28,12.81,2023-04-28:17
7.5,20,130,11.22,28,12.81,2023-04-28:17
7.5,20,130,11.22,28,12.81,2023-04-28:18
6.5,16,130,11.22,28,12.81,2023-04-28:20
6.5,16,130,11.22,28,12.81,2023-04-28:20
6.5,16,130,11.22,28,12.81,2023-04-28:21
6.5,16,130,11.22,28,12.81,2023-04-28:22
6.5,16,130,11.22,28,12.81,2023-04-28:22
6.5,16,130,11.22,28,12.81,2023-04-28:00
6.5,16,130,11.22,28,12.81,2023-04-28:00
6.8,16,130,11.22,28,12.81,2023-04-28:01
6.8,16,130,11.22,28,12.81,2023-04-28:01
6.8,16,130,11.22,28,12.81,2023-04-28:01
6.8,16,130,11.22,28,12.81,2023-04-28:02
6.8,16,130,11.22,28,12.81,2023-04-28:03
6.8,16,130,11.22,28,12.81,2023-04-28:03
6.8,16,130,11.22,28,12.81,2023-04-28:04
6.8,16,130,11.22,28,12.81,2023-04-28:04
6.8,16,130,11.22,28,12.81,2023-04-28:05
6.8,16,130,11.22,28,12.81,2023-04-28:06
6.8,15,140,11.22,28,12.81,2023-04-29:06
6.8,15,140,11.22,28,12.81,2023-04-29:07
6.8,15,140,11.22,28,12.81,2023-04-29:07
6.8,15,140,11.22,28,12.81,2023-04-29:08
6.8,15,140,11.22,28,12.81,2023-04-29:09
6.8,15,140,11.22,28,12.81,2023-04-29:09
6.8,15,140,11.22,28,12.81,2023-04-29:10
6.8,15,140,11.22,28,12.81,2023-04-29:11
6.8,15,140,11.22,28,12.81,2023-04-29:11
6.8,15,140,11.22,28,12.81,2023-04-29:11
6.8,15,140,11.22,28,12.81,2023-04-29:12
6.8,15,140,11.22,28,12.81,2023-04-29:12
6.8,15,140,11.22,28,12.81,2023-04-29:13
6.8,15,140,11.22,28,12.81,2023-04-29:13
6.8,15,140,11.22,28,12.81,2023-04-29:13
6.8,15,140,11.22,28,12.81,2023-04-29:14
6.8,15,140,11.22,28,12.81,2023-04-29:14
6.8,15,140,11.22,28,12.81,2023-04-29:15
6.8,15,140,11.22,28,12.81,2023-04-29:16
6.8,15,140,11.22,28,12.81,2023-04-29:16
6.8,15,140,11.22,28,12.81,2023-04-29:17
6.8,15,140,11.22,28,12.81,2023-04-29:18
6.8,15,140,11.22,28,12.81,2023-04-29:18
5.7,16,130,11.22,28,12.81,2023-04-29:20
5.7,16,130,11.22,28,12.81,2023-04-29:20
5.7,16,130,11.22,28,12.81,2023-04-29:21
5.7,16,130,11.22,28,12.81,2023-04-29:21
5.7,16,130,11.22,28,12.81,2023-04-29:21
5.7,16,130,11.22,28,12.81,2023-04-29:22
5.7,16,130,11.22,28,12.81,2023-04-29:23
5.7,16,130,11.22,28,12.81,2023-04-29:23
5.7,16,130,11.22,28,12.81,2023-04-29:00
5.7,16,130,11.22,28,12.81,2023-04-29:00
5.7,16,130,11.22,28,12.81,2023-04-29:01
5.7,16,130,11.22,28,12.81,2023-04-29:01
5.7,16,130,11.22,28,12.81,2023-04-29:02
5.7,16,130,11.22,28,12.81,2023-04-29:02
5.7,16,130,11.22,28,12.81,2023-04-29:03
5.7,16,130,11.22,28,12.81,2023-04-29:04
5.7,16,130,11.22,28,12.81,2023-04-29:04
5.7,16,130,11.22,28,12.81,2023-04-29:05
5.7,16,130,11.22,28,12.81,2023-04-29:05
5.7,16,130,11.22,28,12.81,2023-04-29:06
5.7,16,140,11.22,28,12.81,2023-04-30:08
5.7,16,140,11.22,28,12.81,2023-04-30:08
5.7,16,140,11.22,28,12.81,2023-04-30:08
5.7,16,140,11.22,28,12.81,2023-04-30:09
5.7,16,140,11.22,28,12.81,2023-04-30:09
5.7,16,140,11.22,28,12.81,2023-04-30:10
5.7,16,140,11.22,28,12.81,2023-04-30:11
5.7,16,140,11.22,28,12.81,2023-04-30:11
5.7,16,140,11.22,28,12.81,2023-04-30:11
5.3,16,140,11.22,28,12.81,2023-04-30:11
5.3,16,140,11.22,28,12.81,2023-04-30:11
5.3,16,140,11.22,28,12.81,2023-04-30:12
5.3,16,140,11.22,28,12.81,2023-04-30:12
5.8,16,140,11.22,28,12.81,2023-04-30:13
5.8,16,140,11.22,28,12.81,2023-04-30:13
5.8,16,140,11.22,28,12.81,2023-04-30:13
5.9,16,140,11.22,28,12.81,2023-04-30:14
5.9,16,140,11.22,28,12.81,2023-04-30:15
5.9,16,140,11.22,28,12.81,2023-04-30:15
5.9,16,140,11.22,28,12.81,2023-04-30:16
6,16,140,11.22,28,12.81,2023-05-02:16
6,16,140,11.22,28,12.81,2023-05-02:16
5.7,16,140,11.22,28,12.81,2023-05-02:17
5.7,16,140,11.22,28,12.81,2023-05-02:17
5.7,16,140,11.22,28,12.81,2023-05-02:18
5.7,18,140,11.22,28,12.81,2023-05-02:20
5.7,18,140,11.22,28,12.81,2023-05-02:20
5.7,18,140,11.22,28,12.81,2023-05-02:21
5.7,18,140,11.22,28,12.81,2023-05-02:21
5.7,18,140,11.22,28,12.81,2023-05-02:22
5.7,18,140,11.22,28,12.81,2023-05-02:23
5.7,18,140,11.22,28,12.81,2023-05-02:23
5.7,18,140,11.22,28,12.81,2023-05-02:00
5.7,18,140,11.22,28,12.81,2023-05-02:00
5.7,18,140,11.22,28,12.81,2023-05-02:00
5.7,18,140,11.22,28,12.81,2023-05-02:01
5.7,18,140,11.22,28,12.81,2023-05-02:01
5.7,18,140,11.22,28,12.81,2023-05-02:02
5.7,18,140,11.22,28,12.81,2023-05-02:02
5.7,18,140,11.22,28,12.81,2023-05-02:03
5.7,18,140,11.22,28,12.81,2023-05-02:03
5.7,18,140,11.22,28,12.81,2023-05-02:04
5.7,18,140,11.22,28,12.81,2023-05-02:04
5.7,18,140,11.22,28,12.81,2023-05-02:05
5.7,18,140,11.22,28,12.81,2023-05-02:05
5.7,18,140,11.22,28,12.81,2023-05-02:06
4.7,18,140,11.22,28,12.81,2023-05-03:07
4.7,18,140,11.22,28,12.81,2023-05-03:07
4.7,18,140,11.22,28,12.81,2023-05-03:08
4.7,18,140,11.22,28,12.81,2023-05-03:08
4.7,18,140,11.22,28,12.81,2023-05-03:08
4.7,18,140,11.22,28,12.81,2023-05-03:09
4.7,18,140,11.22,28,12.81,2023-05-03:09
4.7,18,140,11.22,28,12.81,2023-05-03:09
4.7,18,140,11.22,28,12.81,2023-05-03:12
4.7,18,140,11.22,28,12.81,2023-05-03:12
4.7,18,140,11.22,28,12.81,2023-05-03:12
4.7,18,140,11.22,28,12.81,2023-05-03:13
4.7,18,140,11.22,28,12.81,2023-05-03:13
4.7,18,140,11.22,28,12.81,2023-05-03:14
4.5,18,140,11.22,28,12.81,2023-05-03:14
4.5,18,140,11.22,28,12.81,2023-05-03:15
4.5,18,140,11.22,28,12.81,2023-05-03:15
4.5,18,140,11.22,28,12.81,2023-05-03:15
4.5,18,140,11.22,28,12.81,2023-05-03:17
4.5,18,140,11.22,28,12.81,2023-05-03:17
4.5,18,140,11.22,28,12.81,2023-05-03:18
4.5,20,140,11.22,28,12.81,2023-05-03:20
4.5,20,140,11.22,28,12.81,2023-05-03:21
4.5,20,140,11.22,28,12.81,2023-05-03:21
4.5,20,140,11.22,28,12.81,2023-05-03:22
4.5,20,140,11.22,28,12.81,2023-05-03:22
4.5,20,140,11.22,28,12.81,2023-05-03:23
4.5,20,140,11.22,28,12.81,2023-05-03:23
4.5,20,140,11.22,28,12.81,2023-05-03:00
4.5,20,140,11.22,28,12.81,2023-05-03:00
4.5,20,140,11.22,28,12.81,2023-05-03:01
4.5,20,140,11.22,28,12.81,2023-05-03:01
4.5,20,140,11.22,28,12.81,2023-05-03:02
4.5,20,140,11.22,28,12.81,2023-05-03:02
4.5,20,140,11.22,28,12.81,2023-05-03:03
4.5,20,140,11.22,28,12.81,2023-05-03:03
4.5,20,140,11.22,28,12.81,2023-05-03:04
4.5,20,140,11.22,28,12.81,2023-05-03:04
4.5,20,140,11.22,28,12.81,2023-05-03:05
4.5,20,140,11.22,28,12.81,2023-05-03:05
4.5,20,140,11.22,28,12.81,2023-05-03:06
4.5,20,140,11.22,28,12.81,2023-05-03:06
4.5,19,130,11.22,28,12.81,2023-05-04:07
4.5,19,130,11.22,28,12.81,2023-05-04:07
4.5,19,130,11.22,28,12.81,2023-05-04:08
4.5,19,130,11.22,28,12.81,2023-05-04:09
4.5,19,130,11.22,28,12.81,2023-05-04:09
4.5,19,130,11.22,28,12.81,2023-05-04:10
4.5,19,130,11.22,28,12.81,2023-05-04:10
4.5,19,130,11.22,28,12.81,2023-05-04:10
4.5,19,130,11.22,28,12.81,2023-05-04:11
4.5,19,130,11.22,28,12.81,2023-05-04:12
4.5,19,130,11.22,28,12.81,2023-05-04:13
4.5,19,130,11.22,28,12.81,2023-05-04:13
4.5,19,130,11.22,28,12.81,2023-05-04:14
4.5,19,130,11.22,28,12.81,2023-05-04:14
4.3,19,130,11.22,28,12.81,2023-05-04:15
4.3,19,130,11.22,28,12.81,2023-05-04:15
4.3,19,130,11.22,28,12.81,2023-05-04:16
4.3,19,130,11.22,28,12.81,2023-05-04:17
4.3,19,130,11.22,28,12.81,2023-05-04:17
4.7,17,130,11,28,12.41,2023-05-05:19
4.7,17,130,11,28,12.41,2023-05-05:19
4.7,17,130,11,28,12.41,2023-05-05:20
4.7,17,130,11,28,12.41,2023-05-05:20
4.7,17,130,11,28,12.41,2023-05-05:09
4.7,17,130,11,28,12.41,2023-05-05:10
4.7,17,130,11,28,12.41,2023-05-05:10
4.5,17,130,11,28,12.41,2023-05-05:11
4.5,17,130,11,28,12.41,2023-05-05:11
4.5,17,130,11,28,12.41,2023-05-05:12
4.5,17,130,11,28,12.41,2023-05-05:12
4.5,17,130,11,28,12.41,2023-05-05:13
4.2,17,130,11,28,12.41,2023-05-05:13
4.2,17,130,11,28,12.41,2023-05-05:14
4.2,17,130,11,28,12.41,2023-05-05:14
4,17,130,11,28,12.41,2023-05-05:15
4,17,130,11,28,12.41,2023-05-05:15
4,17,130,11,28,12.41,2023-05-05:15
4,17,130,11,28,12.41,2023-05-05:16
4,17,130,11,28,12.41,2023-05-05:17
4,17,130,11,28,12.41,2023-05-05:17
4,14,130,10.51,25,12.86,2023-05-06:07
4,14,130,10.51,25,12.86,2023-05-06:07
4,14,130,10.51,25,12.86,2023-05-06:08
4,14,130,10.51,25,12.86,2023-05-06:08
4,15,130,10.51,25,12.86,2023-05-06:09
4,15,130,10.51,25,12.86,2023-05-06:09
4,15,130,10.51,25,12.86,2023-05-06:10
4,14,150,10.51,25,12.86,2023-05-06:10
4,13,150,10.51,25,12.86,2023-05-06:11
4,13,150,10.51,25,12.86,2023-05-06:12
4,12,130,10.51,25,12.86,2023-05-06:14
4,12,130,10.51,25,12.86,2023-05-06:14
4,12,130,10.51,25,12.86,2023-05-06:16
4,12,130,10.51,25,12.86,2023-05-06:17
4,12,130,10.51,25,12.86,2023-05-06:17
4,12,130,10.51,25,12.86,2023-05-06:18
4,12,130,10.51,25,12.86,2023-05-06:18
4,12,130,10.51,25,12.86,2023-05-08:07
4,12,130,10.51,25,12.86,2023-05-08:07
4,12,120,10.51,25,12.86,2023-05-08:08
4,12,120,10.51,25,12.86,2023-05-08:08
4,12,120,10.51,25,12.86,2023-05-08:09
3.8,12,120,10.51,25,12.86,2023-05-08:10
3.8,12,120,10.51,25,12.86,2023-05-08:11
3.8,12,120,10.51,25,12.86,2023-05-08:11
3.8,12,120,10.51,25,12.86,2023-05-08:11
3.5,12,120,10.51,25,12.86,2023-05-08:12
3.5,12,120,10.51,25,12.86,2023-05-08:12
3.5,12,110,10.51,25,12.86,2023-05-08:13
3.3,10,110,10.51,25,12.86,2023-05-08:13
3.3,10,110,10.51,25,12.86,2023-05-08:13
3.3,10,110,10.51,25,12.86,2023-05-08:14
3.3,10,110,10.51,25,12.86,2023-05-08:14
3.3,10,110,10.51,25,12.86,2023-05-08:15
3.6,10,110,10.51,25,12.86,2023-05-08:15
3.6,10,110,10.51,25,12.86,2023-05-08:16
3.6,10,110,10.51,25,12.86,2023-05-08:17
3.6,10,110,10.51,25,12.86,2023-05-08:17
3.6,10,110,10.51,25,12.86,2023-05-08:18
3.6,10,110,10.51,25,12.86,2023-05-08:18
3.8,10,100,10.51,25,12.86,2023-05-08:19
3.8,10,100,10.51,25,12.86,2023-05-08:20
3.8,10,100,10.51,25,12.86,2023-05-08:20
3.8,10,100,10.51,25,12.86,2023-05-08:21
3.8,10,100,10.51,25,12.86,2023-05-08:22
3.8,10,100,10.51,25,12.86,2023-05-08:22
3.8,10,100,10.51,25,12.86,2023-05-08:23
3.8,10,100,10.51,25,12.86,2023-05-08:23
3.8,10,100,10.51,25,12.86,2023-05-08:00
3.8,10,100,10.51,25,12.86,2023-05-08:01
3.8,10,100,10.51,25,12.86,2023-05-08:01
3.8,10,100,10.51,25,12.86,2023-05-08:01
3.8,10,100,10.51,25,12.86,2023-05-08:02
3.8,10,100,10.51,25,12.86,2023-05-08:02
3.8,10,100,10.51,25,12.86,2023-05-08:03
3.8,10,100,10.51,25,12.86,2023-05-08:03
3.8,10,100,10.51,25,12.86,2023-05-08:04
3.8,10,100,10.51,25,12.86,2023-05-08:04
3.8,10,100,10.51,25,12.86,2023-05-08:05
3.8,9,100,10.51,25,12.86,2023-05-09:06
3.8,9,100,10.51,25,12.86,2023-05-09:07
3.8,9,100,10.51,25,12.86,2023-05-09:07
4,9,100,10.51,25,12.86,2023-05-09:08
4,9,100,10.51,25,12.86,2023-05-09:09
4,9,100,10.51,25,12.86,2023-05-09:09
4,9,100,10.51,25,12.86,2023-05-09:10
4,9,100,10.51,25,12.86,2023-05-09:11
4,9,100,10.51,25,12.86,2023-05-09:12
4,9,100,10.51,25,12.86,2023-05-09:12
4,9,100,10.51,25,12.86,2023-05-09:13
4,9,100,10.51,25,12.86,2023-05-09:13
4,9,100,10.51,25,12.86,2023-05-09:14
4,9,100,10.51,25,12.86,2023-05-09:14
4,9,100,10.51,25,12.86,2023-05-09:15
4,9,100,10.51,25,12.86,2023-05-09:16
4,9,100,10.51,25,12.86,2023-05-09:17
3.8,11,140,10.51,25,12.86,2023-05-15:08
3.8,11,140,10.51,25,12.86,2023-05-15:09
3.8,11,140,10.51,25,12.86,2023-05-15:09
3.8,11,140,10.51,25,12.86,2023-05-15:09
3.5,12,140,10.51,25,12.86,2023-05-15:10
3.5,12,140,10.51,25,12.86,2023-05-15:11
3.5,12,140,10.51,25,12.86,2023-05-15:11
3.5,12,140,10.51,25,12.86,2023-05-15:11
3.5,12,140,10.51,25,12.86,2023-05-15:12
3.5,12,140,10.51,25,12.86,2023-05-15:12
3.5,12,140,10.51,25,12.86,2023-05-15:13
3.5,12,140,10.51,25,12.86,2023-05-15:13
3.5,12,140,10.51,25,12.86,2023-05-15:14
3.5,12,140,10.51,25,12.86,2023-05-15:14
3.5,12,140,10.51,25,12.86,2023-05-15:14
3.5,12,140,10.51,25,12.86,2023-05-15:15
3.5,12,140,10.51,25,12.86,2023-05-15:15
3.5,12,140,10.51,25,12.86,2023-05-15:15
3.5,12,140,10.51,25,12.86,2023-05-15:16
3.5,12,140,10.51,25,12.86,2023-05-15:16
3.5,12,140,10.51,25,12.86,2023-05-15:16
3.5,12,140,10.51,25,12.86,2023-05-15:17
3.5,12,140,10.51,25,12.86,2023-05-15:17
3.5,12,140,10.51,25,12.86,2023-05-15:18
3.5,12,140,10.51,25,12.86,2023-05-15:19
3.5,12,140,10.51,25,12.86,2023-05-15:20
3.5,12,140,10.51,25,12.86,2023-05-15:20
3.5,12,140,10.51,25,12.86,2023-05-15:21
3.5,12,140,10.51,25,12.86,2023-05-15:21
3.5,12,140,10.51,25,12.86,2023-05-15:22
3.5,12,140,10.51,25,12.86,2023-05-15:22
3.5,12,140,10.51,25,12.86,2023-05-15:22
3.5,12,140,10.51,25,12.86,2023-05-15:22
3.5,12,140,10.51,25,12.86,2023-05-15:23
3.5,12,140,10.51,25,12.86,2023-05-15:23
3.5,12,140,10.51,25,12.86,2023-05-15:23
3.5,12,140,10.51,25,12.86,2023-05-15:00
3.5,12,140,10.51,25,12.86,2023-05-15:00
3.5,12,140,10.51,25,12.86,2023-05-15:00
3.5,12,140,10.51,25,12.86,2023-05-15:01
3.5,12,140,10.51,25,12.86,2023-05-15:01
3.5,12,140,10.51,25,12.86,2023-05-15:01
3.5,12,140,10.51,25,12.86,2023-05-15:01
3.5,12,140,10.51,25,12.86,2023-05-15:02
3.5,12,140,10.51,25,12.86,2023-05-15:02
3.5,12,140,10.51,25,12.86,2023-05-15:03
3.5,12,140,10.51,25,12.86,2023-05-15:03
3.5,12,140,10.51,25,12.86,2023-05-15:04
3.5,12,140,10.51,25,12.86,2023-05-15:05
3.5,11,14,10.51,25,12.86,2023-05-16:07
3.5,11,14,10.51,25,12.86,2023-05-16:07
3.5,11,14,10.51,25,12.86,2023-05-16:07
3.5,11,14,10.51,25,12.86,2023-05-16:08
3.5,11,14,10.51,25,12.86,2023-05-16:09
3.5,12,14,10.51,25,12.86,2023-05-16:09
3.5,12,14,10.51,25,12.86,2023-05-16:09
3.5,12,14,10.51,25,12.86,2023-05-16:10
3.5,12,14,10.51,25,12.86,2023-05-16:10
3.5,12,14,10.51,25,12.86,2023-05-16:10
3.5,12,14,10.51,25,12.86,2023-05-16:11
3.5,12,14,10.51,25,12.86,2023-05-16:11
3.5,12,14,10.51,25,12.86,2023-05-16:11
3.5,12,14,10.51,25,12.86,2023-05-16:12
3.5,12,14,10.51,25,12.86,2023-05-16:12
3.5,12,14,10.51,25,12.86,2023-05-16:13
3.5,12,14,10.51,25,12.86,2023-05-16:13
3.5,12,14,10.51,25,12.86,2023-05-16:13
3.5,12,14,10.51,25,12.86,2023-05-16:14
3.5,12,14,10.51,25,12.86,2023-05-16:14
3.5,12,14,10.51,25,12.86,2023-05-16:15
3.5,12,14,10.51,25,12.86,2023-05-16:15
3.5,12,14,10.51,25,12.86,2023-05-16:15
3.5,12,14,10.51,25,12.86,2023-05-16:16
3.5,12,14,10.51,25,12.86,2023-05-16:16
3.5,12,14,10.51,25,12.86,2023-05-16:17
3.5,12,14,10.51,25,12.86,2023-05-16:17
3.5,12,14,10.51,25,12.86,2023-05-16:17
3.5,12,14,10.51,25,12.86,2023-05-16:18
3.3,10,14,10.51,25,12.86,2023-05-16:20
3.3,10,14,10.51,25,12.86,2023-05-16:20
3.3,10,14,10.51,25,12.86,2023-05-16:21
3.3,10,14,10.51,25,12.86,2023-05-16:21
3.6,10,14,10.51,25,12.86,2023-05-16:21
3.6,10,14,10.51,25,12.86,2023-05-16:22
3.6,10,14,10.51,25,12.86,2023-05-16:22
3.6,10,14,10.51,25,12.86,2023-05-16:23
3.6,10,14,10.51,25,12.86,2023-05-16:23
3.6,10,14,10.51,25,12.86,2023-05-16:00
3.6,10,14,10.51,25,12.86,2023-05-16:00
4,10,14,10.51,25,12.86,2023-05-16:01
4,10,14,10.51,25,12.86,2023-05-16:01
4,10,14,10.51,25,12.86,2023-05-16:02
4,10,14,10.51,25,12.86,2023-05-16:02
4,10,14,10.51,25,12.86,2023-05-16:02
4,10,14,10.51,25,12.86,2023-05-16:03
4.5,10,14,10.51,25,12.86,2023-05-16:03
4.5,10,14,10.51,25,12.86,2023-05-16:03
4.5,10,14,10.51,25,12.86,2023-05-16:04
4.5,10,14,10.51,25,12.86,2023-05-16:04
4.5,10,14,10.51,25,12.86,2023-05-16:05
4.5,10,14,10.51,25,12.86,2023-05-16:05
4.5,10,14,10.51,25,12.86,2023-05-16:06
4.5,12,14,11.07,25,12.71,2023-05-17:07
4.5,12,14,11.07,25,12.71,2023-05-17:07
4.5,12,14,11.07,25,12.71,2023-05-17:08
4.5,12,14,11.07,25,12.71,2023-05-17:08
4.5,12,14,11.07,25,12.71,2023-05-17:09
4.5,12,14,11.07,25,12.71,2023-05-17:09
4.5,12,14,11.07,25,12.71,2023-05-17:09
4.5,12,14,11.07,25,12.71,2023-05-17:10
4.5,12,14,11.07,25,12.71,2023-05-17:10
4.5,12,14,11.07,25,12.71,2023-05-17:11
4.5,12,14,11.07,25,12.71,2023-05-17:11
4.3,12,14,11.07,25,12.71,2023-05-17:11
4.3,12,14,11.07,25,12.71,2023-05-17:12
4.4,12,14,11.07,25,12.71,2023-05-17:12
4.4,12,14,11.07,25,12.71,2023-05-17:13
4.4,12,14,11.07,25,12.71,2023-05-17:13
4.4,12,14,11.07,25,12.71,2023-05-17:14
4.6,12,14,11.07,25,12.71,2023-05-17:14
4.6,12,14,11.07,25,12.71,2023-05-17:14
4.6,12,14,11.07,25,12.71,2023-05-17:15
4.6,12,14,11.07,25,12.71,2023-05-17:15
4.6,12,14,11.07,25,12.71,2023-05-17:16
4.6,12,14,11.07,25,12.71,2023-05-17:16
4.8,12,14,11.07,25,12.71,2023-05-17:17
4.8,12,14,11.07,25,12.71,2023-05-17:17
4.8,12,14,11.07,25,12.71,2023-05-17:17
4.8,12,14,11.07,25,12.71,2023-05-17:18
4.5,12,14,11.07,25,12.71,2023-05-17:19
4.5,12,14,11.07,25,12.71,2023-05-17:19
4.5,12,14,11.07,25,12.71,2023-05-17:20
4.5,12,14,11.07,25,12.71,2023-05-17:20
4.5,12,14,11.07,25,12.71,2023-05-17:20
4.5,12,14,11.07,25,12.71,2023-05-17:20
4.5,12,14,11.07,25,12.71,2023-05-17:21
4.5,12,14,11.07,25,12.71,2023-05-17:21
4.5,12,14,11.07,25,12.71,2023-05-17:22
4.5,12,14,11.07,25,12.71,2023-05-17:22
4.5,12,14,11.07,25,12.71,2023-05-17:22
4.5,12,14,11.07,25,12.71,2023-05-17:23
4.5,12,14,11.07,25,12.71,2023-05-17:23
4.5,12,14,11.07,25,12.71,2023-05-17:00
4.5,12,14,11.07,25,12.71,2023-05-17:00
4.5,12,14,11.07,25,12.71,2023-05-17:01
4.5,12,14,11.07,25,12.71,2023-05-17:01
4.5,12,14,11.07,25,12.71,2023-05-17:01
4.5,12,14,11.07,25,12.71,2023-05-17:02
4.5,12,14,11.07,25,12.71,2023-05-17:02
4.5,12,14,11.07,25,12.71,2023-05-17:02
4.5,12,14,11.07,25,12.71,2023-05-17:03
4.5,12,14,11.07,25,12.71,2023-05-17:03
4.5,12,14,11.07,25,12.71,2023-05-17:03
4.5,12,14,11.07,25,12.71,2023-05-17:04
4.5,12,14,11.07,25,12.71,2023-05-17:06
4.5,12,14,11.07,25,12.71,2023-05-17:06
4.5,12,14,11.07,25,12.71,2023-05-17:07
5.5,12,12,11.16,25,12.61,2023-05-18:07
5.5,12,12,11.16,25,12.61,2023-05-18:07
5.5,12,12,11.16,25,12.61,2023-05-18:07
5.5,12,12,11.16,25,12.61,2023-05-18:08
5.5,12,12,11.16,25,12.61,2023-05-18:08
5.5,12,12,11.16,25,12.61,2023-05-18:09
5.5,12,12,11.16,25,12.61,2023-05-18:09
5.5,12,12,11.16,25,12.61,2023-05-18:10
5.8,12,12,11.16,25,12.61,2023-05-18:10
5.8,12,12,11.16,25,12.61,2023-05-18:10
5.8,12,12,11.16,25,12.61,2023-05-18:11
5.8,12,12,11.16,25,12.61,2023-05-18:11
5.8,12,12,11.16,25,12.61,2023-05-18:12
5.8,12,12,11.16,25,12.61,2023-05-18:12
5.8,12,13,11.16,25,12.61,2023-05-18:13
5.8,12,13,11.16,25,12.61,2023-05-18:13
5.8,12,13,11.16,25,12.61,2023-05-18:13
5.8,12,13,11.16,25,12.61,2023-05-18:14
5.8,12,13,11.16,25,12.61,2023-05-18:14
5.8,12,13,11.16,25,12.61,2023-05-18:15
5.8,13,13,11.16,25,12.61,2023-05-18:15
5.8,13,13,11.16,25,12.61,2023-05-18:16
5.8,13,13,11.16,25,12.61,2023-05-18:16
5.8,13,13,11.16,25,12.61,2023-05-18:17
5.8,13,13,11.16,25,12.61,2023-05-18:17
5.8,13,13,11.16,25,12.61,2023-05-18:18
5.8,13,13,11.16,25,12.61,2023-05-18:18
5.5,14,12,11.16,25,12.61,2023-05-19:07
5.5,14,12,11.16,25,12.61,2023-05-19:07
5.5,14,12,11.16,25,12.61,2023-05-19:07
5.5,14,12,11.16,25,12.61,2023-05-19:07
5.5,14,12,11.16,25,12.61,2023-05-19:08
5.5,14,12,11.16,25,12.61,2023-05-19:08
5.5,14,12,11.16,25,12.61,2023-05-19:09
5.5,14,12,11.16,25,12.61,2023-05-19:09
5.5,14,12,11.16,25,12.61,2023-05-19:10
5.5,14,12,11.16,25,12.61,2023-05-19:10
5.5,14,12,11.16,25,12.61,2023-05-19:11
5.5,14,12,11.16,25,12.61,2023-05-19:11
5.5,14,12,11.16,25,12.61,2023-05-19:12
5.5,14,12,11.16,25,12.61,2023-05-19:12
5.5,14,12,11.16,25,12.61,2023-05-19:13
5.5,14,12,11.16,25,12.61,2023-05-19:13
5.5,14,12,11.16,25,12.61,2023-05-19:13
5.5,14,12,11.16,25,12.61,2023-05-19:14
5.5,14,12,11.16,25,12.61,2023-05-19:15
5.5,14,12,11.16,25,12.61,2023-05-19:15
5.5,14,12,11.16,25,12.61,2023-05-19:15
5.5,14,12,11.16,25,12.61,2023-05-19:16
5.5,14,12,11.16,25,12.61,2023-05-19:16
5.5,14,12,11.16,25,12.61,2023-05-19:17
5.5,14,12,11.16,25,12.61,2023-05-19:17
5.5,14,12,11.16,25,12.61,2023-05-19:18
5.5,14,12,11.16,25,12.61,2023-05-19:18
5.5,14,12,11.16,25,12.61,2023-05-19:19
4.7,12,12,11.16,25,12.61,2023-05-20:07
4.7,12,12,11.16,25,12.61,2023-05-20:08
4.7,12,12,11.16,25,12.61,2023-05-20:08
4.7,12,12,11.16,25,12.61,2023-05-20:08
4.7,12,12,11.16,25,12.61,2023-05-20:09
4.7,12,12,11.16,25,12.61,2023-05-20:09
4.7,12,12,11.16,25,12.61,2023-05-20:10
4.7,12,12,11.16,25,12.61,2023-05-20:10
4.7,12,12,11.16,25,12.61,2023-05-20:10
4.7,12,12,11.16,25,12.61,2023-05-20:11
4.7,12,12,11.16,25,12.61,2023-05-20:11
4.7,12,12,11.16,25,12.61,2023-05-20:12
4.8,12,12,11.16,25,12.61,2023-05-20:12
4.8,12,12,11.16,25,12.61,2023-05-20:12
4.8,12,12,11.16,25,12.61,2023-05-20:13
4.8,12,12,11.16,25,12.61,2023-05-20:14
4.8,12,12,11.16,25,12.61,2023-05-20:14
4.8,12,12,11.16,25,12.61,2023-05-20:14
4.8,12,12,11.16,25,12.61,2023-05-20:15
4.8,12,12,11.16,25,12.61,2023-05-20:15
4.8,12,12,11.16,25,12.61,2023-05-20:15
4.9,12,12,11.16,25,12.61,2023-05-20:16
4.9,12,12,11.16,25,12.61,2023-05-20:16
4.9,12,12,11.16,25,12.61,2023-05-20:17
4.9,12,12,11.16,25,12.61,2023-05-20:17
4.9,12,12,11.16,25,12.61,2023-05-20:18
4.9,12,12,11.16,25,12.61,2023-05-20:18
4.9,12,12,11.16,25,12.61,2023-05-20:19
4.9,12,12,11.16,25,12.61,2023-05-20:20
4.9,12,12,11.16,25,12.61,2023-05-20:20
4.9,12,12,11.16,25,12.61,2023-05-20:20
4.9,12,12,11.16,25,12.61,2023-05-20:21
4.9,12,12,11.16,25,12.61,2023-05-20:21
4.9,12,12,11.16,25,12.61,2023-05-20:22
4.9,12,12,11.16,25,12.61,2023-05-20:22
4.9,12,12,11.16,25,12.61,2023-05-20:22
4.9,12,12,11.16,25,12.61,2023-05-20:23
4.9,12,12,11.16,25,12.61,2023-05-20:23
4.9,12,12,11.16,25,12.61,2023-05-20:23
4.9,12,12,11.16,25,12.61,2023-05-20:23
4.9,12,12,11.16,25,12.61,2023-05-20:00
4.9,12,12,11.16,25,12.61,2023-05-20:00
4.9,12,12,11.16,25,12.61,2023-05-20:01
4.9,12,12,11.16,25,12.61,2023-05-20:01
4.9,12,12,11.16,25,12.61,2023-05-20:02
4.9,12,12,11.16,25,12.61,2023-05-20:02
4.9,12,12,11.16,25,12.61,2023-05-20:02
4.9,12,12,11.16,25,12.61,2023-05-20:03
4.9,12,12,11.16,25,12.61,2023-05-20:03
4.9,12,12,11.16,25,12.61,2023-05-20:04
4.9,12,12,11.16,25,12.61,2023-05-20:04
4.9,12,12,11.16,25,12.61,2023-05-20:04
4.9,12,12,11.16,25,12.61,2023-05-20:05
4.9,12,12,11.16,25,12.61,2023-05-20:06
5.5,12,13,11.08,27,12.73,2023-05-21:06
5.5,12,13,11.08,27,12.73,2023-05-21:07
5.5,12,13,11.08,27,12.73,2023-05-21:07
5.5,12,13,11.08,27,12.73,2023-05-21:07
5.5,12,13,11.08,27,12.73,2023-05-21:08
5.5,12,13,11.08,27,12.73,2023-05-21:08
5.5,12,13,11.08,27,12.73,2023-05-21:08
5.5,12,13,11.08,27,12.73,2023-05-21:09
5.5,12,13,11.08,27,12.73,2023-05-21:10
5.5,12,13,11.08,27,12.73,2023-05-21:11
5.5,12,13,11.08,27,12.73,2023-05-21:11
5.5,12,13,11.08,27,12.73,2023-05-21:11
5.5,12,13,11.08,27,12.73,2023-05-21:12
5.5,12,13,11.08,27,12.73,2023-05-21:12
5.5,12,13,11.08,27,12.73,2023-05-21:13
5.5,12,13,11.08,27,12.73,2023-05-21:13
5.5,12,13,11.08,27,12.73,2023-05-21:13
5.5,12,13,11.08,27,12.73,2023-05-21:14
5.5,12,13,11.08,27,12.73,2023-05-21:14
5.5,12,13,11.08,27,12.73,2023-05-21:15
5.5,12,13,11.08,27,12.73,2023-05-21:15
5.5,12,13,11.08,27,12.73,2023-05-21:16
4.6,13,11,10.66,25,12.93,2023-05-22:07
4.6,13,11,10.66,25,12.93,2023-05-22:07
4.6,13,11,10.66,25,12.93,2023-05-22:07
4.6,13,11,10.66,25,12.93,2023-05-22:08
4.6,13,11,10.66,25,12.93,2023-05-22:08
4.6,13,11,10.66,25,12.93,2023-05-22:09
4.6,13,11,10.66,25,12.93,2023-05-22:09
4.6,13,11,10.66,25,12.93,2023-05-22:10
4.6,13,11,10.66,25,12.93,2023-05-22:10
4.6,13,11,10.66,25,12.93,2023-05-22:10
4.6,13,11,10.66,25,12.93,2023-05-22:11
4.6,13,11,10.66,25,12.93,2023-05-22:11
4.6,13,11,10.66,25,12.93,2023-05-22:12
4.6,13,11,10.66,25,12.93,2023-05-22:12
4.6,13,11,10.66,25,12.93,2023-05-22:12
4.6,13,11,10.66,25,12.93,2023-05-22:13
4.6,13,11,10.66,25,12.93,2023-05-22:13
4.6,13,11,10.66,25,12.93,2023-05-22:14
4.6,13,11,10.66,25,12.93,2023-05-22:14
4.6,13,11,10.66,25,12.93,2023-05-22:15
4.6,13,11,10.66,25,12.93,2023-05-22:17
4.6,13,11,10.66,25,12.93,2023-05-22:17
4.6,13,11,10.66,25,12.93,2023-05-22:17
4.6,13,11,10.66,25,12.93,2023-05-22:18
4.6,13,11,10.66,25,12.93,2023-05-22:18
4.6,13,11,10.66,25,12.93,2023-05-22:19
5.3,14,13,11.12,26,12.89,2023-05-22:18
5.3,14,13,11.12,26,12.89,2023-05-22:19
5.3,14,13,11.12,26,12.89,2023-05-22:20
5.3,14,13,11.12,26,12.89,2023-05-22:20
5.3,14,13,11.12,26,12.89,2023-05-22:21
5.3,14,13,11.12,26,12.89,2023-05-22:21
5.3,14,13,11.12,26,12.89,2023-05-22:21
5.3,14,13,11.12,26,12.89,2023-05-22:22
5.5,14,13,11.12,26,12.89,2023-05-22:22
5.5,14,13,11.12,26,12.89,2023-05-22:23
5.5,14,13,11.12,26,12.89,2023-05-22:23
5.5,14,13,11.12,26,12.89,2023-05-22:23
5.5,14,13,11.12,26,12.89,2023-05-22:00
5.5,14,13,11.12,26,12.89,2023-05-22:00
5.5,14,13,11.12,26,12.89,2023-05-22:00
5.5,14,13,11.12,26,12.89,2023-05-22:01
5.5,14,13,11.12,26,12.89,2023-05-22:01
5.5,14,13,11.12,26,12.89,2023-05-22:02
5.5,14,13,11.12,26,12.89,2023-05-22:02
5.5,14,13,11.12,26,12.89,2023-05-22:02
5.5,14,13,11.12,26,12.89,2023-05-22:03
6.3,14,13,11.12,26,12.89,2023-05-22:03
6.3,14,13,11.12,26,12.89,2023-05-22:04
6.3,14,13,11.12,26,12.89,2023-05-22:04
6.3,14,13,11.12,26,12.89,2023-05-22:04
6.3,14,13,11.12,26,12.89,2023-05-22:05
6.3,14,13,11.12,26,12.89,2023-05-22:05
6.3,14,13,11.12,26,12.89,2023-05-22:05
5.3,14,15,11.12,26,12.89,2023-05-23:07
5.3,14,15,11.12,26,12.89,2023-05-23:07
5.3,14,15,11.12,26,12.89,2023-05-23:08
5.3,14,15,11.12,26,12.89,2023-05-23:08
5.3,14,15,11.12,26,12.89,2023-05-23:09
5.3,14,15,11.12,26,12.89,2023-05-23:09
5.3,14,15,11.12,26,12.89,2023-05-23:09
5.3,14,15,11.12,26,12.89,2023-05-23:10
5.3,14,15,11.12,26,12.89,2023-05-23:10
5.3,14,15,11.12,26,12.89,2023-05-23:11
5.3,14,15,11.12,26,12.89,2023-05-23:11
5.3,14,15,11.12,26,12.89,2023-05-23:11
5.3,14,15,11.12,26,12.89,2023-05-23:12
5.3,14,15,11.12,26,12.89,2023-05-23:12
5.3,14,15,11.12,26,12.89,2023-05-23:13
5.3,14,15,11.12,26,12.89,2023-05-23:14
5.3,14,15,11.12,26,12.89,2023-05-23:14
5.3,14,15,11.12,26,12.89,2023-05-23:15
5.3,14,15,11.12,26,12.89,2023-05-23:15
5.3,14,15,11.12,26,12.89,2023-05-23:15
5.3,14,15,11.12,26,12.89,2023-05-23:15
5.3,14,15,11.12,26,12.89,2023-05-23:16
5.3,14,15,11.12,26,12.89,2023-05-23:16
5.3,14,15,11.12,26,12.89,2023-05-23:17
5.3,14,15,11.12,26,12.89,2023-05-23:17
5.3,14,15,11.12,26,12.89,2023-05-23:17
5.3,14,15,11.12,26,12.89,2023-05-23:18
5.3,14,15,11.12,26,12.89,2023-05-23:18
5.8,12,10,11.12,26,12.89,2023-05-23:19
5.8,12,10,11.12,26,12.89,2023-05-23:20
5.8,12,10,11.12,26,12.89,2023-05-23:20
5.8,12,10,11.12,26,12.89,2023-05-23:20
5.8,12,10,11.12,26,12.89,2023-05-23:21
5.8,12,10,11.12,26,12.89,2023-05-23:21
5.8,12,10,11.12,26,12.89,2023-05-23:21
5.5,14,12,11.12,26,12.89,2023-05-24:06
5.5,14,12,11.12,26,12.89,2023-05-24:07
5.5,14,12,11.12,26,12.89,2023-05-24:07
5.5,14,12,11.12,26,12.89,2023-05-24:08
5.5,14,12,11.12,26,12.89,2023-05-24:08
5.5,14,12,11.12,26,12.89,2023-05-24:09
5.5,14,12,11.12,26,12.89,2023-05-24:09
5.5,14,12,11.12,26,12.89,2023-05-24:10
5.5,14,12,11.12,26,12.89,2023-05-24:11
5.5,14,12,11.12,26,12.89,2023-05-24:11
5.5,14,12,11.12,26,12.89,2023-05-24:12
5.5,14,12,11.12,26,12.89,2023-05-24:12
5.5,14,12,11.12,26,12.89,2023-05-24:13
5.5,14,12,11.12,26,12.89,2023-05-24:13
5.5,14,12,11.12,26,12.89,2023-05-24:14
5.5,14,12,11.12,26,12.89,2023-05-24:15
5.5,14,12,11.12,26,12.89,2023-05-24:15
5.5,14,12,11.12,26,12.89,2023-05-24:16
5.5,14,12,11.12,26,12.89,2023-05-24:16
5.5,14,12,11.12,26,12.89,2023-05-24:16
5.5,14,12,11.12,26,12.89,2023-05-24:17
5.5,14,12,11.12,26,12.89,2023-05-24:17
6.4,14,11,11.12,26,12.89,2023-05-24:19
6.4,14,11,11.12,26,12.89,2023-05-24:20
6.4,14,11,11.12,26,12.89,2023-05-24:20
6.4,14,11,11.12,26,12.89,2023-05-24:20
6.4,14,11,11.12,26,12.89,2023-05-24:21
6.4,14,11,11.12,26,12.89,2023-05-24:22
6.4,14,11,11.12,26,12.89,2023-05-24:22
6.3,14,130,11.12,26,12.89,2023-05-25:07
6.3,14,130,11.12,26,12.89,2023-05-25:07
6.3,14,130,11.12,26,12.89,2023-05-25:08
6.3,14,130,11.12,26,12.89,2023-05-25:08
6.3,14,130,11.12,26,12.89,2023-05-25:09
6.3,14,130,11.12,26,12.89,2023-05-25:09
6.3,14,130,11.12,26,12.89,2023-05-25:09
6.3,14,130,11.12,26,12.89,2023-05-25:10
6.3,14,130,11.12,26,12.89,2023-05-25:10
6.5,14,120,11.12,26,12.89,2023-05-25:10
6.5,14,120,11.12,26,12.89,2023-05-25:11
6.5,14,120,11.12,26,12.89,2023-05-25:12
6.5,14,120,11.12,26,12.89,2023-05-25:13
6.5,14,120,11.12,26,12.89,2023-05-25:13
6.5,14,110,11.12,26,12.89,2023-05-25:13
6.1,14,110,11.12,26,12.89,2023-05-25:14
6.1,14,110,11.12,26,12.89,2023-05-25:14
6.1,14,100,11.12,26,12.89,2023-05-25:14
6.1,14,100,11.12,26,12.89,2023-05-25:15
6.1,14,100,11.12,26,12.89,2023-05-25:15
6.1,14,100,11.12,26,12.89,2023-05-25:16
6.1,14,100,11.12,26,12.89,2023-05-25:16
6.1,14,100,11.12,26,12.89,2023-05-25:17
6.1,14,100,11.12,26,12.89,2023-05-25:17
6.1,14,100,11.12,26,12.89,2023-05-25:18
6.5,14,110,11.12,26,12.89,2023-05-25:18
6.5,14,110,11.12,26,12.89,2023-05-25:19
6.5,14,110,11.12,26,12.89,2023-05-25:19
6.5,14,110,11.12,26,12.89,2023-05-25:20
6.5,14,110,11.12,26,12.89,2023-05-25:20
6.5,14,110,11.12,26,12.89,2023-05-25:21
6.5,15,110,11.12,26,12.89,2023-05-25:21
6.8,15,100,11.12,26,12.89,2023-05-25:22
6.8,15,100,11.12,26,12.89,2023-05-25:23
6.8,15,100,11.12,26,12.89,2023-05-25:23
6.8,15,100,11.12,26,12.89,2023-05-25:23
6.8,15,100,11.12,26,12.89,2023-05-25:00
6.8,15,100,11.12,26,12.89,2023-05-25:00
6.8,15,100,11.12,26,12.89,2023-05-25:01
6.8,15,100,11.12,26,12.89,2023-05-25:01
6.8,15,100,11.12,26,12.89,2023-05-25:02
6.8,15,100,11.12,26,12.89,2023-05-25:02
7,15,100,11.12,26,12.89,2023-05-25:03
7,15,100,11.12,26,12.89,2023-05-25:03
7,15,100,11.12,26,12.89,2023-05-25:04
7.3,14,100,11.12,26,12.89,2023-05-26:07
7.3,14,100,11.12,26,12.89,2023-05-26:07
7.3,14,100,11.12,26,12.89,2023-05-26:08
7.3,14,100,11.12,26,12.89,2023-05-26:08
7,14,100,11.12,26,12.89,2023-05-26:09
7,14,100,11.12,26,12.89,2023-05-26:09
7,14,100,11.12,26,12.89,2023-05-26:10
7,14,100,11.12,26,12.89,2023-05-26:10
7,14,100,11.12,26,12.89,2023-05-26:11
7,14,100,11.12,26,12.89,2023-05-26:11
7,14,100,11.12,26,12.89,2023-05-26:12
7,14,100,11.12,26,12.89,2023-05-26:13
7,14,100,11.12,26,12.89,2023-05-26:13
6.6,14,100,11.12,26,12.89,2023-05-26:14
6.6,14,100,11.12,26,12.89,2023-05-26:14
6.6,14,100,11.12,26,12.89,2023-05-26:14
6.6,14,100,11.12,26,12.89,2023-05-26:14
6.6,14,100,11.12,26,12.89,2023-05-26:15
6.6,14,100,11.12,26,12.89,2023-05-26:15
6.2,14,100,11.12,26,12.89,2023-05-26:15
6.2,14,100,11.12,26,12.89,2023-05-26:16
6.2,14,100,11.12,26,12.89,2023-05-26:16
6.2,14,100,11.12,26,12.89,2023-05-26:17
6.2,14,100,11.12,26,12.89,2023-05-26:17
6.2,14,100,11.12,26,12.89,2023-05-26:18
6.2,14,100,11.12,26,12.89,2023-05-26:18
6.2,15,100,11.12,26,12.89,2023-05-26:18
6.2,15,100,11.12,26,12.89,2023-05-26:18
6.2,15,100,11.12,26,12.89,2023-05-26:20
6.5,15,100,11.12,26,12.89,2023-05-26:20
6.5,15,100,11.12,26,12.89,2023-05-26:21
6.5,15,100,11.12,26,12.89,2023-05-26:21
6.5,15,100,11.12,26,12.89,2023-05-26:21
6.5,15,100,11.12,26,12.89,2023-05-26:22
6.8,15,100,11.12,26,12.89,2023-05-26:22
6.8,15,100,11.12,26,12.89,2023-05-26:23
6.8,15,100,11.12,26,12.89,2023-05-26:23
6.8,15,100,11.12,26,12.89,2023-05-26:00
6.8,15,100,11.12,26,12.89,2023-05-26:00
6.8,15,100,11.12,26,12.89,2023-05-26:01
6.8,15,100,11.12,26,12.89,2023-05-26:01
6.8,15,100,11.12,26,12.89,2023-05-26:02
6.8,15,100,11.12,26,12.89,2023-05-26:02
6.8,15,100,11.12,26,12.89,2023-05-26:02
6.8,15,100,11.12,26,12.89,2023-05-26:03
6.8,15,100,11.12,26,12.89,2023-05-26:03
6.8,15,100,11.12,26,12.89,2023-05-26:04
6.8,15,100,11.12,26,12.89,2023-05-26:04
6.8,15,100,11.12,26,12.89,2023-05-26:05
6.8,15,100,11.12,26,12.89,2023-05-26:05
6.8,15,100,11.12,26,12.89,2023-05-26:06
6.8,15,100,11.12,26,12.89,2023-05-26:07
6.7,16,100,11.12,26,12.89,2023-05-27:07
6.7,16,100,11.12,26,12.89,2023-05-27:08
6.7,16,100,11.12,26,12.89,2023-05-27:08
6.7,16,100,11.12,26,12.89,2023-05-27:08
6.7,16,100,11.12,26,12.89,2023-05-27:09
6.7,16,100,11.12,26,12.89,2023-05-27:09
6.7,16,100,11.12,26,12.89,2023-05-27:09
6.7,16,100,11.12,26,12.89,2023-05-27:10
6.7,16,100,11.12,26,12.89,2023-05-27:10
6.7,16,100,11.12,26,12.89,2023-05-27:11
6.7,16,100,11.12,26,12.89,2023-05-27:11
6.7,16,100,11.12,26,12.89,2023-05-27:12
6.7,16,100,11.12,26,12.89,2023-05-27:12
6.7,16,100,11.12,26,12.89,2023-05-27:12
6.7,16,100,11.12,26,12.89,2023-05-27:13
6.7,16,100,11.12,26,12.89,2023-05-27:13
6.7,16,100,11.12,26,12.89,2023-05-27:14
6.7,16,100,11.12,26,12.89,2023-05-27:14
6.7,16,100,11.12,26,12.89,2023-05-27:15
6.7,16,100,11.12,26,12.89,2023-05-27:15
6.7,16,100,11.12,26,12.89,2023-05-27:15
6.7,16,100,11.12,26,12.89,2023-05-27:16
6.7,16,100,11.12,26,12.89,2023-05-27:16
6.7,16,100,11.12,26,12.89,2023-05-27:17
6.7,16,100,11.12,26,12.89,2023-05-27:18
6.7,16,100,11.12,26,12.89,2023-05-27:18
6.2,15,100,11.12,26,12.89,2023-05-27:19
6.2,15,100,11.12,26,12.89,2023-05-27:19
6.2,15,100,11.12,26,12.89,2023-05-27:20
6.2,15,100,11.12,26,12.89,2023-05-27:20
6.2,15,100,11.12,26,12.89,2023-05-27:21
6.2,15,100,11.12,26,12.89,2023-05-27:21
6.2,15,100,11.12,26,12.89,2023-05-27:22
6.5,15,100,11.12,26,12.89,2023-05-27:22
6.5,15,100,11.12,26,12.89,2023-05-27:23
6.5,15,100,11.12,26,12.89,2023-05-27:23
6.5,15,100,11.12,26,12.89,2023-05-27:12
6.8,15,100,11.12,26,12.89,2023-05-27:12
6.8,15,100,11.12,26,12.89,2023-05-27:12
6.8,15,100,11.12,26,12.89,2023-05-27:01
6.8,15,100,11.12,26,12.89,2023-05-27:01
6.8,15,100,11.12,26,12.89,2023-05-27:02
7,15,100,11.12,26,12.89,2023-05-27:02
7,15,100,11.12,26,12.89,2023-05-27:03
7,15,100,11.12,26,12.89,2023-05-27:03
7,15,100,11.12,26,12.89,2023-05-27:03
7.2,15,100,11.12,26,12.89,2023-05-27:04
7,14,120,10.52,24,12.3,2023-05-29:07
7,14,120,10.52,24,12.3,2023-05-29:07
7,14,120,10.52,24,12.3,2023-05-29:08
7,14,120,10.52,24,12.3,2023-05-29:08
7,14,120,10.52,24,12.3,2023-05-29:08
7,14,120,10.52,24,12.3,2023-05-29:09
7,14,120,10.52,24,12.3,2023-05-29:09
7,14,120,10.52,24,12.3,2023-05-29:10
7,14,120,10.52,24,12.3,2023-05-29:10
7,14,120,10.52,24,12.3,2023-05-29:11
6.7,14,120,10.52,24,12.3,2023-05-29:11
6.7,14,120,10.52,24,12.3,2023-05-29:11
6.7,14,120,10.52,24,12.3,2023-05-29:13
6.5,14,120,10.52,24,12.3,2023-05-29:12
6.5,14,120,10.52,24,12.3,2023-05-29:13
6,14,120,10.52,24,12.3,2023-05-29:13
6,14,130,10.52,24,12.3,2023-05-29:14
6,14,130,10.52,24,12.3,2023-05-29:14
6,14,130,10.52,24,12.3,2023-05-29:15
6,14,130,10.52,24,12.3,2023-05-29:15
6,14,130,10.52,24,12.3,2023-05-29:16
6,14,130,10.52,24,12.3,2023-05-29:16
6,14,130,10.52,24,12.3,2023-05-29:16
6,14,130,10.52,24,12.3,2023-05-29:17
6,14,130,10.52,24,12.3,2023-05-29:18
6,14,120,10.52,24,12.3,2023-05-29:19
6,14,120,10.52,24,12.3,2023-05-29:19
6,14,120,10.52,24,12.3,2023-05-29:19
6,14,120,10.52,24,12.3,2023-05-29:20
6,14,120,10.52,24,12.3,2023-05-29:21
6,14,120,10.52,24,12.3,2023-05-29:22
6,14,120,10.52,24,12.3,2023-05-29:23
6,14,120,10.52,24,12.3,2023-05-29:23
6,14,120,10.52,24,12.3,2023-05-29:00
6,14,120,10.52,24,12.3,2023-05-29:00
6,14,120,10.52,24,12.3,2023-05-29:01
6,14,120,10.52,24,12.3,2023-05-29:01
6,14,120,10.52,24,12.3,2023-05-29:01
6,14,120,10.52,24,12.3,2023-05-29:02
6,14,120,10.52,24,12.3,2023-05-29:02
6,14,120,10.52,24,12.3,2023-05-29:03
6,14,120,10.52,24,12.3,2023-05-29:03
6,14,120,10.52,24,12.3,2023-05-29:03
6,14,120,10.52,24,12.3,2023-05-29:04
6,14,120,10.52,24,12.3,2023-05-29:04
6,14,120,10.52,24,12.3,2023-05-29:04
6,14,120,10.52,24,12.3,2023-05-29:05
6.5,14,120,10.52,24,12.3,2023-05-30:07
6.5,14,120,10.52,24,12.3,2023-05-30:07
6.5,14,120,10.52,24,12.3,2023-05-30:07
6.5,14,120,10.52,24,12.3,2023-05-30:08
6.5,14,120,10.52,24,12.3,2023-05-30:08
6.5,14,120,10.52,24,12.3,2023-05-30:08
6.5,14,120,10.52,24,12.3,2023-05-30:09
6.5,14,120,10.52,24,12.3,2023-05-30:10
6.5,14,120,10.52,24,12.3,2023-05-30:10
6.5,14,120,10.52,24,12.3,2023-05-30:10
6.5,14,120,10.52,24,12.3,2023-05-30:11
6.5,14,120,10.52,24,12.3,2023-05-30:11
6.5,14,130,10.52,24,12.3,2023-05-30:12
6.5,14,130,10.52,24,12.3,2023-05-30:12
6.5,14,130,10.52,24,12.3,2023-05-30:13
6.5,14,130,10.52,24,12.3,2023-05-30:13
6.5,14,130,10.52,24,12.3,2023-05-30:14
6.5,14,130,10.52,24,12.3,2023-05-30:14
6.5,14,130,10.52,24,12.3,2023-05-30:15
6.5,14,130,10.52,24,12.3,2023-05-30:15
6.5,14,130,10.52,24,12.3,2023-05-30:16
6.5,14,130,10.52,24,12.3,2023-05-30:16
6.5,14,130,10.52,24,12.3,2023-05-30:16
6.5,14,130,10.52,24,12.3,2023-05-30:17
6.5,14,130,10.52,24,12.3,2023-05-30:17
6.5,14,130,10.52,24,12.3,2023-05-30:18
6,13,120,10.52,24,12.3,2023-05-30:19
6,13,120,10.52,24,12.3,2023-05-30:19
6,13,120,10.52,24,12.3,2023-05-30:19
6,13,120,10.52,24,12.3,2023-05-30:20
6,13,120,10.52,24,12.3,2023-05-30:20
6,13,120,10.52,24,12.3,2023-05-30:21
6,13,120,10.52,24,12.3,2023-05-30:23
6,13,120,10.52,24,12.3,2023-05-30:23
6,13,120,10.52,24,12.3,2023-05-30:00
6,13,120,10.52,24,12.3,2023-05-30:00
6,13,120,10.52,24,12.3,2023-05-30:00
6,13,120,10.52,24,12.3,2023-05-30:01
6.5,14,130,10.52,24,12.3,2023-05-31:07
65.5,14,130,10.52,24,12.3,2023-05-31:07
6.5,14,130,10.52,24,12.3,2023-05-31:08
6.7,14,130,10.52,24,12.3,2023-05-31:08
6.7,14,130,10.52,24,12.3,2023-05-31:08
6.7,14,130,10.52,24,12.3,2023-05-31:09
6.5,14,130,10.52,24,12.3,2023-05-31:09
6.5,14,130,10.52,24,12.3,2023-05-31:09
6.5,14,130,10.52,24,12.3,2023-05-31:10
6,14,130,10.52,24,12.3,2023-05-31:10
6,14,130,10.52,24,12.3,2023-05-31:11
6,14,130,10.52,24,12.3,2023-05-31:11
6,14,130,10.52,24,12.3,2023-05-31:12
6,14,130,10.52,24,12.3,2023-05-31:12
6,14,130,10.52,24,12.3,2023-05-31:12
6,14,130,10.52,24,12.3,2023-05-31:13
6,14,130,10.52,24,12.3,2023-05-31:13
6,14,130,10.52,24,12.3,2023-05-31:14
6,14,130,10.52,24,12.3,2023-05-31:14
6,14,130,10.52,24,12.3,2023-05-31:15
6.3,14,130,10.52,24,12.3,2023-05-31:15
6.3,14,130,10.52,24,12.3,2023-05-31:16
6.3,14,130,10.52,24,12.3,2023-05-31:16
6.3,14,130,10.52,24,12.3,2023-05-31:17
6.3,14,130,10.52,24,12.3,2023-05-31:17
6.5,14,120,10.52,24,12.3,2023-05-31:19
6.5,14,120,10.52,24,12.3,2023-05-31:19
6.5,14,120,10.52,24,12.3,2023-05-31:19
6.5,14,120,10.52,24,12.3,2023-05-31:20
6.5,14,120,10.52,24,12.3,2023-05-31:21
6.5,14,120,10.52,24,12.3,2023-05-31:21
6.5,14,120,10.52,24,12.3,2023-05-31:22
6.5,14,120,10.52,24,12.3,2023-05-31:22
6.5,14,120,10.52,24,12.3,2023-05-31:23
6.5,14,120,10.52,24,12.3,2023-05-31:23
6.5,14,120,10.52,24,12.3,2023-05-31:00
6.5,14,120,10.52,24,12.3,2023-05-31:00
6.5,14,120,10.52,24,12.3,2023-05-31:01
6.5,14,120,10.52,24,12.3,2023-05-31:01
6.5,14,120,10.52,24,12.3,2023-05-31:02
6.5,14,120,10.52,24,12.3,2023-05-31:02
6.5,14,120,10.52,24,12.3,2023-05-31:03
6.5,14,120,10.52,24,12.3,2023-05-31:03
6.5,14,120,10.52,24,12.3,2023-05-31:04
5.8,14,130,11.06,25,12.92,2023-06-02:07
5.8,14,130,11.06,25,12.92,2023-06-02:07
5.8,14,130,11.06,25,12.92,2023-06-02:07
5.8,14,130,11.06,25,12.92,2023-06-02:07
5.8,14,130,11.06,25,12.92,2023-06-02:08
5.8,14,130,11.06,25,12.92,2023-06-02:08
5.8,14,130,11.06,25,12.92,2023-06-02:08
5.8,14,130,11.06,25,12.92,2023-06-02:09
5.8,14,130,11.06,25,12.92,2023-06-02:10
5.8,14,130,11.06,25,12.92,2023-06-02:10
5.8,14,130,11.06,25,12.92,2023-06-02:11
5.5,14,120,11.06,25,12.92,2023-06-02:11
5.5,14,120,11.06,25,12.92,2023-06-02:12
5.5,14,120,11.06,25,12.92,2023-06-02:12
5.5,14,120,11.06,25,12.92,2023-06-02:12
5.3,14,120,11.06,25,12.92,2023-06-02:13
5.3,14,120,11.06,25,12.92,2023-06-02:13
5.3,14,120,11.06,25,12.92,2023-06-02:14
5.3,14,120,11.06,25,12.92,2023-06-02:14
5,14,120,11.06,25,12.92,2023-06-02:15
5,14,120,11.06,25,12.92,2023-06-02:15
5,14,120,11.06,25,12.92,2023-06-02:16
5,14,120,11.06,25,12.92,2023-06-02:16
5,14,120,11.06,25,12.92,2023-06-02:17
5,14,120,11.06,25,12.92,2023-06-02:17
5,14,120,11.06,25,12.92,2023-06-02:17
5.4,15,120,11.06,25,12.92,2023-06-02:19
5.4,15,120,11.06,25,12.92,2023-06-02:20
5.4,15,120,11.06,25,12.92,2023-06-02:20
5.4,15,120,11.06,25,12.92,2023-06-02:20
5.4,15,120,11.06,25,12.92,2023-06-02:20
5.4,15,120,11.06,25,12.92,2023-06-02:23
5.4,15,120,11.06,25,12.92,2023-06-02:23
5.4,15,120,11.06,25,12.92,2023-06-02:23
5.4,15,120,11.06,25,12.92,2023-06-02:00
5.4,15,120,11.06,25,12.92,2023-06-02:00
5.4,15,120,11.06,25,12.92,2023-06-02:01
5,15,120,11.06,25,12.92,2023-06-02:01
5,15,120,11.06,25,12.92,2023-06-02:02
5,15,120,11.06,25,12.92,2023-06-02:02
5,15,110,11.06,25,12.92,2023-06-03:07
5,15,110,11.06,25,12.92,2023-06-03:07
5,15,110,11.06,25,12.92,2023-06-03:08
5,15,110,11.06,25,12.92,2023-06-03:08
5,15,110,11.06,25,12.92,2023-06-03:08
5,15,110,11.06,25,12.92,2023-06-03:09
5,15,110,11.06,25,12.92,2023-06-03:09
5,15,110,11.06,25,12.92,2023-06-03:10
5,15,100,11.06,25,12.92,2023-06-03:10
5,15,100,11.06,25,12.92,2023-06-03:11
5,15,100,11.06,25,12.92,2023-06-03:11
5,15,100,11.06,25,12.92,2023-06-03:12
5,15,100,11.06,25,12.92,2023-06-03:12
5,15,100,11.06,25,12.92,2023-06-03:12
5,15,100,11.06,25,12.92,2023-06-03:13
5.2,15,100,11.06,25,12.92,2023-06-03:14
5.2,15,100,11.06,25,12.92,2023-06-03:14
5.2,15,100,11.06,25,12.92,2023-06-03:14
5.2,15,100,11.06,25,12.92,2023-06-03:15
5.2,15,100,11.06,25,12.92,2023-06-03:15
5.2,15,100,11.06,25,12.92,2023-06-03:16
5.2,15,100,11.06,25,12.92,2023-06-03:16
5.2,15,100,11.06,25,12.92,2023-06-03:17
5.2,15,100,11.06,25,12.92,2023-06-03:17
5.2,15,100,11.06,25,12.92,2023-06-03:17
5.4,15,110,11.06,25,12.92,2023-06-03:19
5.4,15,110,11.06,25,12.92,2023-06-03:19
5.4,15,110,11.06,25,12.92,2023-06-03:20
5.4,15,110,11.06,25,12.92,2023-06-03:20
5.4,15,110,11.06,25,12.92,2023-06-03:20
5.4,15,110,11.06,25,12.92,2023-06-03:21
5.4,15,110,11.06,25,12.92,2023-06-03:21
5.4,15,110,11.06,25,12.92,2023-06-03:22
5.4,15,110,11.06,25,12.92,2023-06-03:22
5.4,15,110,11.06,25,12.92,2023-06-03:23
5.4,15,110,11.06,25,12.92,2023-06-03:00
5.4,15,110,11.06,25,12.92,2023-06-03:00
5.4,15,110,11.06,25,12.92,2023-06-03:01
5.4,15,110,11.06,25,12.92,2023-06-03:01
5.4,15,110,11.06,25,12.92,2023-06-03:02
5.4,15,110,11.06,25,12.92,2023-06-03:02
5.4,15,110,11.06,25,12.92,2023-06-03:03
5.4,15,110,11.06,25,12.92,2023-06-03:03
5.4,15,110,11.06,25,12.92,2023-06-03:03
5.4,15,110,11.06,25,12.92,2023-06-03:03
5.4,15,110,11.06,25,12.92,2023-06-03:04
5.4,15,110,11.06,25,12.92,2023-06-03:04
5.4,15,110,11.06,25,12.92,2023-06-03:04
5.4,15,110,11.06,25,12.92,2023-06-03:05
5.4,15,110,11.06,25,12.92,2023-06-03:05
5.4,15,110,11.06,25,12.92,2023-06-03:05
5.4,15,110,11.06,25,12.92,2023-06-03:06
5.4,15,110,11.06,25,12.92,2023-06-03:06
5.4,15,110,11.06,25,12.92,2023-06-03:06
3.7,15,120,10.58,26,12.54,2023-06-04:07
3.7,15,120,10.58,26,12.54,2023-06-04:07
4.1,15,120,10.58,26,12.54,2023-06-04:08
4.1,15,120,10.58,26,12.54,2023-06-04:08
4.1,15,120,10.58,26,12.54,2023-06-04:09
5,15,120,10.58,26,12.54,2023-06-04:09
5,15,120,10.58,26,12.54,2023-06-04:09
5.5,15,120,10.58,26,12.54,2023-06-04:10
5.5,15,120,10.58,26,12.54,2023-06-04:10
5.5,15,120,10.58,26,12.54,2023-06-04:11
5.5,15,120,10.58,26,12.54,2023-06-04:12
5.5,15,120,10.58,26,12.54,2023-06-04:12
5.3,15,110,10.58,26,12.54,2023-06-04:12
5.3,15,110,10.58,26,12.54,2023-06-04:14
5.3,15,110,10.58,26,12.54,2023-06-04:14
5.3,15,110,10.58,26,12.54,2023-06-04:14
5.3,15,110,10.58,26,12.54,2023-06-04:15
5.3,15,110,10.58,26,12.54,2023-06-04:15
5.3,15,110,10.58,26,12.54,2023-06-04:16
5.3,15,110,10.58,26,12.54,2023-06-04:16
5.3,15,110,10.58,26,12.54,2023-06-04:16
5.5,16,120,11.22,26,12.87,2023-06-05:07
5.5,16,120,11.22,26,12.87,2023-06-05:07
5.5,16,120,11.22,26,12.87,2023-06-05:07
5.5,16,120,11.22,26,12.87,2023-06-05:08
5.5,16,120,11.22,26,12.87,2023-06-05:08
5.5,16,120,11.22,26,12.87,2023-06-05:09
5.5,16,120,11.22,26,12.87,2023-06-05:09
5.5,16,120,11.22,26,12.87,2023-06-05:10
5.5,16,120,11.22,26,12.87,2023-06-05:11
5.5,16,120,11.22,26,12.87,2023-06-05:11
5.5,16,120,11.22,26,12.87,2023-06-05:11
5.5,16,120,11.22,26,12.87,2023-06-05:12
5.5,16,120,11.22,26,12.87,2023-06-05:12
5.5,16,120,11.22,26,12.87,2023-06-05:12
5.5,16,120,11.22,26,12.87,2023-06-05:13
5.5,16,120,11.22,26,12.87,2023-06-05:13
5.5,16,120,11.22,26,12.87,2023-06-05:14
5.5,16,120,11.22,26,12.87,2023-06-05:14
5.5,16,120,11.22,26,12.87,2023-06-05:15
5.5,16,120,11.22,26,12.87,2023-06-05:15
5.5,16,120,11.22,26,12.87,2023-06-05:16
5.5,16,120,11.22,26,12.87,2023-06-05:16
5.5,16,120,11.22,26,12.87,2023-06-05:16
5.5,16,120,11.22,26,12.87,2023-06-05:17
5.5,16,120,11.22,26,12.87,2023-06-05:18
5.5,16,120,11.22,26,12.87,2023-06-05:18
5.5,16,120,11.22,26,12.87,2023-06-05:18
3.5,14,130,11.22,26,12.87,2023-06-05:19
3.5,14,130,11.22,26,12.87,2023-06-05:19
3.5,14,130,11.22,26,12.87,2023-06-05:20
3.5,14,130,11.22,26,12.87,2023-06-05:20
3.9,14,130,11.22,26,12.87,2023-06-05:20
3.9,14,130,11.22,26,12.87,2023-06-05:21
3.9,14,130,11.22,26,12.87,2023-06-05:21
3.9,14,130,11.22,26,12.87,2023-06-05:21
3.5,14,130,11.22,26,12.87,2023-06-05:22
3.5,14,130,11.22,26,12.87,2023-06-05:22
4,14,130,11.22,26,12.87,2023-06-05:23
4,14,130,11.22,26,12.87,2023-06-05:23
4,14,130,11.22,26,12.87,2023-06-05:23
4,14,130,11.22,26,12.87,2023-06-05:00
4,14,130,11.22,26,12.87,2023-06-05:01
4,14,130,11.22,26,12.87,2023-06-05:01
4,14,130,11.22,26,12.87,2023-06-05:02
4,14,130,11.22,26,12.87,2023-06-05:02
4,14,130,11.22,26,12.87,2023-06-05:02
4,14,130,11.22,26,12.87,2023-06-05:03
4,14,130,11.22,26,12.87,2023-06-05:03
4,14,130,11.22,26,12.87,2023-06-05:04
4,14,130,11.22,26,12.87,2023-06-05:04
4,14,130,11.22,26,12.87,2023-06-05:04
4,14,130,11.22,26,12.87,2023-06-05:05
4,14,120,11.22,26,12.87,2023-06-06:07
4,14,120,11.22,26,12.87,2023-06-06:07
4,14,120,11.22,26,12.87,2023-06-06:08
4,14,120,11.22,26,12.87,2023-06-06:08
4,14,120,11.22,26,12.87,2023-06-06:09
4,14,120,11.22,26,12.87,2023-06-06:09
4,14,120,11.22,26,12.87,2023-06-06:09
4,14,120,11.22,26,12.87,2023-06-06:10
4,14,120,11.22,26,12.87,2023-06-06:10
4,14,120,11.22,26,12.87,2023-06-06:11
4,14,120,11.22,26,12.87,2023-06-06:12
4,14,120,11.22,26,12.87,2023-06-06:12
4,14,120,11.22,26,12.87,2023-06-06:12
4,14,120,11.22,26,12.87,2023-06-06:13
4,14,120,11.22,26,12.87,2023-06-06:13
4,14,120,11.22,26,12.87,2023-06-06:14
4,14,120,11.22,26,12.87,2023-06-06:14
4,14,120,11.22,26,12.87,2023-06-06:14
4,14,120,11.22,26,12.87,2023-06-06:15
4,14,120,11.22,26,12.87,2023-06-06:15
4,14,120,11.22,26,12.87,2023-06-06:15
4,14,120,11.22,26,12.87,2023-06-06:16
4,14,120,11.22,26,12.87,2023-06-06:16
4,14,120,11.22,26,12.87,2023-06-06:17
4,14,120,11.22,26,12.87,2023-06-06:17
4,14,120,11.22,26,12.87,2023-06-06:18
5.5,14,130,11.22,26,12.87,2023-06-06:19
5.5,14,130,11.22,26,12.87,2023-06-06:19
5.5,14,130,11.22,26,12.87,2023-06-06:20
5.3,14,130,11.22,26,12.87,2023-06-06:20
5.3,14,130,11.22,26,12.87,2023-06-06:21
5.3,14,130,11.22,26,12.87,2023-06-06:21
5.3,14,130,11.22,26,12.87,2023-06-06:22
5.5,14,130,11.22,26,12.87,2023-06-06:23
5.5,14,130,11.22,26,12.87,2023-06-06:23
5.5,14,130,11.22,26,12.87,2023-06-06:00
5.8,14,130,11.22,26,12.87,2023-06-06:00
5.8,14,130,11.22,26,12.87,2023-06-06:01
5.8,14,130,11.22,26,12.87,2023-06-06:01
6,14,130,11.22,26,12.87,2023-06-06:02
6,14,130,11.22,26,12.87,2023-06-06:03
6,14,130,11.22,26,12.87,2023-06-06:03
6,14,130,11.22,26,12.87,2023-06-06:04
6,14,130,11.22,26,12.87,2023-06-06:04
6,14,130,11.22,26,12.87,2023-06-06:05
5.5,13,100,10.72,26,12.35,2023-06-07:07
5.5,13,100,10.72,26,12.35,2023-06-07:07
5.5,13,100,10.72,26,12.35,2023-06-07:08
5.5,13,100,10.72,26,12.35,2023-06-07:08
5.8,13,100,10.72,26,12.35,2023-06-07:09
5.8,13,100,10.72,26,12.35,2023-06-07:09
5.8,13,100,10.72,26,12.35,2023-06-07:10
5.8,13,100,10.72,26,12.35,2023-06-07:11
5.8,13,100,10.72,26,12.35,2023-06-07:11
5.8,13,100,10.72,26,12.35,2023-06-07:12
6,13,100,10.72,26,12.35,2023-06-07:13
6,13,100,10.72,26,12.35,2023-06-07:13
6,13,100,10.72,26,12.35,2023-06-07:14
6.5,13,100,10.72,26,12.35,2023-06-07:14
6.5,13,100,10.72,26,12.35,2023-06-07:15
6.5,13,100,10.72,26,12.35,2023-06-07:15
6.5,13,100,10.72,26,12.35,2023-06-07:15
7,13,100,10.72,26,12.35,2023-06-07:16
7,13,100,10.72,26,12.35,2023-06-07:16
6.7,13,100,10.72,26,12.35,2023-06-07:16
6.7,13,100,10.72,26,12.35,2023-06-07:17
6.7,13,100,10.72,26,12.35,2023-06-07:18
6.7,13,100,10.72,26,12.35,2023-06-07:18
6,13,100,10.72,26,12.35,2023-06-07:19
6,13,100,10.72,26,12.35,2023-06-07:20
6,13,100,10.72,26,12.35,2023-06-07:20
6,13,100,10.72,26,12.35,2023-06-07:21
6,13,100,10.72,26,12.35,2023-06-07:21
6,13,100,10.72,26,12.35,2023-06-07:22
6,13,100,10.72,26,12.35,2023-06-07:23
6,13,100,10.72,26,12.35,2023-06-07:23
6,13,100,10.72,26,12.35,2023-06-07:23
5.8,13,100,10.72,26,12.35,2023-06-07:00
5.8,13,100,10.72,26,12.35,2023-06-07:00
5.8,13,100,10.72,26,12.35,2023-06-07:00
5.8,13,100,10.72,26,12.35,2023-06-07:01
5.9,13,120,10.72,26,12.35,2023-06-07:01
5.9,13,120,10.72,26,12.35,2023-06-07:02
5.9,13,120,10.72,26,12.35,2023-06-07:02
5.9,13,120,10.72,26,12.35,2023-06-07:03
5.9,13,120,10.72,26,12.35,2023-06-07:03
6.3,13,120,10.72,26,12.35,2023-06-07:04
6.3,13,120,10.72,26,12.35,2023-06-07:04
6.3,13,120,10.72,26,12.35,2023-06-07:05
6.3,13,120,10.72,26,12.35,2023-06-07:05
6.3,15,120,10.72,26,12.35,2023-06-08:07
6.3,15,120,10.72,26,12.35,2023-06-08:07
6.3,15,120,10.72,26,12.35,2023-06-08:07
6.6,15,120,10.72,26,12.35,2023-06-08:08
6.6,15,120,10.72,26,12.35,2023-06-08:09
6.6,15,120,10.72,26,12.35,2023-06-08:09
6.6,15,120,10.72,26,12.35,2023-06-08:10
6.2,15,120,10.72,26,12.35,2023-06-08:10
6.2,15,120,10.72,26,12.35,2023-06-08:11
6.2,15,120,10.72,26,12.35,2023-06-08:11
6.2,15,120,10.72,26,12.35,2023-06-08:12
6.2,15,120,10.72,26,12.35,2023-06-08:13
6,15,120,10.72,26,12.35,2023-06-08:13
6,15,120,10.72,26,12.35,2023-06-08:13
6,15,120,10.72,26,12.35,2023-06-08:14
6,15,120,10.72,26,12.35,2023-06-08:14
6,15,120,10.72,26,12.35,2023-06-08:15
6,15,120,10.72,26,12.35,2023-06-08:15
6,15,120,10.72,26,12.35,2023-06-08:16
6,15,120,10.72,26,12.35,2023-06-08:17
6,15,120,10.72,26,12.35,2023-06-08:17
6,15,120,10.72,26,12.35,2023-06-08:17
6,15,120,10.72,26,12.35,2023-06-08:17
6,15,120,10.72,26,12.35,2023-06-08:18
6.3,15,120,10.72,26,12.35,2023-06-08:19
6.3,15,120,10.72,26,12.35,2023-06-08:19
6.3,15,120,10.72,26,12.35,2023-06-08:20
6.3,15,120,10.72,26,12.35,2023-06-08:21
6.3,15,120,10.72,26,12.35,2023-06-08:21
6.3,15,120,10.72,26,12.35,2023-06-08:21
6.3,15,120,10.72,26,12.35,2023-06-08:22
6.3,15,120,10.72,26,12.35,2023-06-08:23
6.3,15,120,10.72,26,12.35,2023-06-08:23
6.3,15,120,10.72,26,12.35,2023-06-08:00
6.3,15,130,10.72,26,12.35,2023-06-08:00
6.3,15,130,10.72,26,12.35,2023-06-08:01
6.2,15,130,10.72,26,12.35,2023-06-08:02
6.2,15,130,10.72,26,12.35,2023-06-08:02
6.2,15,130,10.72,26,12.35,2023-06-08:03
6.2,15,130,10.72,26,12.35,2023-06-08:03
6.2,15,130,10.72,26,12.35,2023-06-08:04
6.2,15,130,10.72,26,12.35,2023-06-08:04
6.2,15,130,10.72,26,12.35,2023-06-08:05
6.2,15,130,10.72,26,12.35,2023-06-08:05
6.2,15,130,10.72,26,12.35,2023-06-08:05
6.2,14,120,10.72,26,12.35,2023-06-09:08
6.2,14,120,10.72,26,12.35,2023-06-09:08
6.2,14,120,10.72,26,12.35,2023-06-09:08
6.2,14,120,10.72,26,12.35,2023-06-09:08
6.2,14,120,10.72,26,12.35,2023-06-09:09
6.2,14,120,10.72,26,12.35,2023-06-09:09
6.2,14,120,10.72,26,12.35,2023-06-09:09
6.2,14,120,10.72,26,12.35,2023-06-09:10
6.2,14,120,10.72,26,12.35,2023-06-09:10
6.2,14,120,10.72,26,12.35,2023-06-09:10
6.2,14,120,10.72,26,12.35,2023-06-09:11
6.2,14,120,10.72,26,12.35,2023-06-09:11
6.2,14,110,10.72,26,12.35,2023-06-09:12
6.2,14,110,10.72,26,12.35,2023-06-09:12
6.2,14,110,10.72,26,12.35,2023-06-09:13
6.2,14,110,10.72,26,12.35,2023-06-09:13
6.2,14,110,10.72,26,12.35,2023-06-09:14
6.2,14,110,10.72,26,12.35,2023-06-09:14
6.2,14,110,10.72,26,12.35,2023-06-09:15
6.2,14,110,10.72,26,12.35,2023-06-09:16
6.2,14,110,10.72,26,12.35,2023-06-09:16
6.2,14,110,10.72,26,12.35,2023-06-09:17
6.2,14,110,10.72,26,12.35,2023-06-09:17
6.2,14,110,10.72,26,12.35,2023-06-09:18
6.5,15,120,10.72,26,12.35,2023-06-09:20
6.5,15,120,10.72,26,12.35,2023-06-09:20
6.5,15,120,10.72,26,12.35,2023-06-09:20
6.5,15,120,10.72,26,12.35,2023-06-09:21
6.5,15,120,10.72,26,12.35,2023-06-09:21
6.2,15,110,11.08,26,12.89,2023-06-10:07
6.2,15,110,11.08,26,12.89,2023-06-10:07
6.2,15,110,11.08,26,12.89,2023-06-10:08
6.2,15,110,11.08,26,12.89,2023-06-10:08
6.2,15,110,11.08,26,12.89,2023-06-10:09
6.2,15,110,11.08,26,12.89,2023-06-10:09
6.2,15,110,11.08,26,12.89,2023-06-10:10
6.2,15,110,11.08,26,12.89,2023-06-10:10
6.2,15,110,11.08,26,12.89,2023-06-10:11
6.5,15,120,11.08,26,12.89,2023-06-10:11
6.5,15,120,11.08,26,12.89,2023-06-10:11
6.5,15,120,11.08,26,12.89,2023-06-10:12
6.5,15,120,11.08,26,12.89,2023-06-10:12
6.5,15,120,11.08,26,12.89,2023-06-10:12
6.5,15,120,11.08,26,12.89,2023-06-10:13
6.5,15,120,11.08,26,12.89,2023-06-10:13
6.5,15,120,11.08,26,12.89,2023-06-10:14
6.5,15,120,11.08,26,12.89,2023-06-10:14
6.5,15,120,11.08,26,12.89,2023-06-10:15
6.5,15,120,11.08,26,12.89,2023-06-10:15
6.5,15,120,11.08,26,12.89,2023-06-10:16
6.5,15,120,11.08,26,12.89,2023-06-10:16
6.5,15,120,11.08,26,12.89,2023-06-10:17
6.5,15,120,11.08,26,12.89,2023-06-10:17
6.5,15,120,11.08,26,12.89,2023-06-10:18
6.2,14,130,11.08,26,12.89,2023-06-10:19
6.2,14,130,11.08,26,12.89,2023-06-10:19
6.2,14,130,11.08,26,12.89,2023-06-10:20
6.2,14,130,11.08,26,12.89,2023-06-10:20
6.2,14,130,11.08,26,12.89,2023-06-10:21
6.2,14,130,11.08,26,12.89,2023-06-10:22
6.2,14,130,11.08,26,12.89,2023-06-10:22
6.2,14,130,11.08,26,12.89,2023-06-10:23
6.2,14,130,11.08,26,12.89,2023-06-10:23
6.2,14,130,11.08,26,12.89,2023-06-10:23
6.2,14,130,11.08,26,12.89,2023-06-10:00
6.2,14,130,11.08,26,12.89,2023-06-10:00
6.2,14,130,11.08,26,12.89,2023-06-10:00
6.2,14,130,11.08,26,12.89,2023-06-10:01
6.2,14,130,11.08,26,12.89,2023-06-10:01
6.2,14,130,11.08,26,12.89,2023-06-10:02
6.2,14,130,11.08,26,12.89,2023-06-10:02
6.2,14,130,11.08,26,12.89,2023-06-10:03
6.2,14,130,11.08,26,12.89,2023-06-10:03
6.2,14,130,11.08,26,12.89,2023-06-10:03
6.2,14,130,11.08,26,12.89,2023-06-10:04
6.2,14,130,11.08,26,12.89,2023-06-13:07
6.2,14,130,11.08,26,12.89,2023-06-13:07
6,15,130,11.08,26,12.89,2023-06-13:08
6,15,130,11.08,26,12.89,2023-06-13:08
6,15,130,11.08,26,12.89,2023-06-13:09
6,15,130,11.08,26,12.89,2023-06-13:09
6,15,130,11.08,26,12.89,2023-06-13:09
6,15,130,11.08,26,12.89,2023-06-13:10
6,15,130,11.08,26,12.89,2023-06-13:10
6,15,130,11.08,26,12.89,2023-06-13:11
6,15,130,11.08,26,12.89,2023-06-13:11
6,15,130,11.08,26,12.89,2023-06-13:12
6,15,130,11.08,26,12.89,2023-06-13:12
6,15,130,11.08,26,12.89,2023-06-13:12
6,15,130,11.08,26,12.89,2023-06-13:13
6,15,130,11.08,26,12.89,2023-06-13:13
6,15,130,11.08,26,12.89,2023-06-13:14
6,15,130,11.08,26,12.89,2023-06-13:14
6,15,130,11.08,26,12.89,2023-06-13:14
6,15,130,11.08,26,12.89,2023-06-13:15
6,15,130,11.08,26,12.89,2023-06-13:15
6,15,130,11.08,26,12.89,2023-06-13:16
6,15,130,11.08,26,12.89,2023-06-13:16
6,15,130,11.08,26,12.89,2023-06-13:16
6,15,130,11.08,26,12.89,2023-06-13:17
6,15,130,11.08,26,12.89,2023-06-13:17
6,15,130,11.08,26,12.89,2023-06-13:18
6,15,130,11.08,26,12.89,2023-06-13:18
6,15,130,11.08,26,12.89,2023-06-13:19
6,15,130,11.08,26,12.89,2023-06-13:19
6,15,130,11.08,26,12.89,2023-06-13:20
6.2,15,120,11.08,26,12.89,2023-06-13:20
6.2,15,120,11.08,26,12.89,2023-06-13:21
6.2,15,120,11.08,26,12.89,2023-06-13:21
6.2,15,120,11.08,26,12.89,2023-06-13:22
6.2,15,120,11.08,26,12.89,2023-06-13:23
6.2,15,120,11.08,26,12.89,2023-06-13:23
6.2,15,120,11.08,26,12.89,2023-06-13:00
6.2,15,120,11.08,26,12.89,2023-06-13:00
7,15,120,11.08,26,12.89,2023-06-13:01
7,15,120,11.08,26,12.89,2023-06-13:01
7,15,120,11.08,26,12.89,2023-06-13:02
7,15,120,11.08,26,12.89,2023-06-13:02
7,15,120,11.08,26,12.89,2023-06-13:03
7,15,120,11.08,26,12.89,2023-06-13:03
7,15,120,11.08,26,12.89,2023-06-13:04
7,15,120,11.08,26,12.89,2023-06-13:04
7,15,120,11.08,26,12.89,2023-06-13:04
7,15,120,11.08,26,12.89,2023-06-13:05
7,15,120,11.08,26,12.89,2023-06-13:05
7,15,120,11.08,26,12.89,2023-06-13:06
7,15,120,11.08,26,12.89,2023-06-14:07
7,15,120,11.08,26,12.89,2023-06-14:07
7.2,15,130,11.08,26,12.89,2023-06-14:07
7.2,15,130,11.08,26,12.89,2023-06-14:08
7.2,15,130,11.08,26,12.89,2023-06-14:08
7.2,15,130,11.08,26,12.89,2023-06-14:08
7.2,15,130,11.08,26,12.89,2023-06-14:09
7.2,15,130,11.08,26,12.89,2023-06-14:10
7,15.2,130,11.08,26,12.89,2023-06-14:11
7,15.2,130,11.08,26,12.89,2023-06-14:11
7.2,15.2,130,11.08,26,12.89,2023-06-14:12
7.2,15.2,130,11.08,26,12.89,2023-06-14:12
7.2,15.2,130,11.08,26,12.89,2023-06-14:12
7.2,15.2,130,11.08,26,12.89,2023-06-14:13
7.2,15.2,130,11.08,26,12.89,2023-06-14:13
7.2,15.2,130,11.08,26,12.89,2023-06-14:14
7.4,15.2,130,11.08,26,12.89,2023-06-14:15
7.4,15.2,130,11.08,26,12.89,2023-06-14:15
7.4,15.2,130,11.08,26,12.89,2023-06-14:16
7.4,15.2,130,11.08,26,12.89,2023-06-14:16
7.4,15.2,130,11.08,26,12.89,2023-06-14:16
7.4,15.2,130,11.08,26,12.89,2023-06-14:17
7.4,15.2,130,11.08,26,12.89,2023-06-14:17
7.4,15.2,130,11.08,26,12.89,2023-06-14:17
7.4,15.2,130,11.08,26,12.89,2023-06-14:18
7.4,15.2,130,11.08,26,12.89,2023-06-14:18
7.4,15.2,130,11.08,26,12.89,2023-06-14:19
7.4,15.2,130,11.08,26,12.89,2023-06-14:19
7.4,15.2,130,11.08,26,12.89,2023-06-14:19
7.7,15,120,11.08,26,12.89,2023-06-14:20
7.7,15,120,11.08,26,12.89,2023-06-14:21
7.7,15,120,11.08,26,12.89,2023-06-14:21
7.7,15,120,11.08,26,12.89,2023-06-14:22
7.7,15,120,11.08,26,12.89,2023-06-14:23
7.7,15,120,11.08,26,12.89,2023-06-14:23
7.7,15,120,11.08,26,12.89,2023-06-14:23
7.7,15,120,11.08,26,12.89,2023-06-14:00
7.7,15,120,11.08,26,12.89,2023-06-14:00
7.7,15,120,11.08,26,12.89,2023-06-14:01
7.7,15,120,11.08,26,12.89,2023-06-14:01
7.7,15,120,11.08,26,12.89,2023-06-14:02
7.7,15,120,11.08,26,12.89,2023-06-14:02
7.7,15,120,11.08,26,12.89,2023-06-14:03
7.7,15,120,11.08,26,12.89,2023-06-14:04
7.7,15,120,11.08,26,12.89,2023-06-14:04
7.7,15,120,11.08,26,12.89,2023-06-14:05
7.7,15,120,11.08,26,12.89,2023-06-14:05
7.7,15,120,11.08,26,12.89,2023-06-14:05
7.7,15,120,11.08,26,12.89,2023-06-14:06
7.7,15,120,11.08,26,12.89,2023-06-14:06
7.7,15,120,11.08,26,12.89,2023-06-15:07
7.7,15,120,11.08,26,12.89,2023-06-15:07
8,15,130,10.79,25,12.54,2023-06-15:07
8,15,130,10.79,25,12.54,2023-06-15:08
8,15,130,10.79,25,12.54,2023-06-15:08
8,15,130,10.79,25,12.54,2023-06-15:08
8,15,130,10.79,25,12.54,2023-06-15:09
8,15,130,10.79,25,12.54,2023-06-15:10
8,15,130,10.79,25,12.54,2023-06-15:10
8,15,130,10.79,25,12.54,2023-06-15:11
8,15,130,10.79,25,12.54,2023-06-15:11
8,15,110,10.79,25,12.54,2023-06-15:12
7.8,15,110,10.79,25,12.54,2023-06-15:12
7.8,15,110,10.79,25,12.54,2023-06-15:13
7.8,15,110,10.79,25,12.54,2023-06-15:13
7.8,15,110,10.79,25,12.54,2023-06-15:13
7.8,15,110,10.79,25,12.54,2023-06-15:14
7.8,15,110,10.79,25,12.54,2023-06-15:14
7.8,15,110,10.79,25,12.54,2023-06-15:14
7.5,15,120,10.79,25,12.54,2023-06-15:15
7.5,15,120,10.79,25,12.54,2023-06-15:15
7.3,15,120,10.79,25,12.54,2023-06-15:15
7.3,15,120,10.79,25,12.54,2023-06-15:16
6.5,15,120,10.79,25,12.54,2023-06-15:17
6.5,15,120,10.79,25,12.54,2023-06-15:17
6.5,15,120,10.79,25,12.54,2023-06-15:19
6.5,15,120,10.79,25,12.54,2023-06-15:19
7,16,120,10.79,25,12.54,2023-06-15:20
7,16,120,10.79,25,12.54,2023-06-15:21
7,16,120,10.79,25,12.54,2023-06-15:21
7,16,120,10.79,25,12.54,2023-06-15:22
7.3,16,120,10.79,25,12.54,2023-06-15:23
7.3,16,120,10.79,25,12.54,2023-06-15:23
7.3,16,120,10.79,25,12.54,2023-06-15:00
7.3,16,120,10.79,25,12.54,2023-06-15:00
7,16,120,10.79,25,12.54,2023-06-15:00
7,16,120,10.79,25,12.54,2023-06-15:01
7,16,120,10.79,25,12.54,2023-06-15:01
8,16,110,10.79,25,12.54,2023-06-15:02
8,16,110,10.79,25,12.54,2023-06-15:02
8,16,110,10.79,25,12.54,2023-06-15:03
8.2,16,110,10.79,25,12.54,2023-06-15:03
8.2,16,110,10.79,25,12.54,2023-06-15:03
8.2,16,110,10.79,25,12.54,2023-06-15:04
8.4,16,110,10.79,25,12.54,2023-06-15:04
8.4,16,110,10.79,25,12.54,2023-06-15:05
8.4,16,110,10.79,25,12.54,2023-06-15:05
8.4,16,110,10.79,25,12.54,2023-06-16:06
8.4,16,110,10.79,25,12.54,2023-06-16:06
8.4,15,110,10.79,25,12.54,2023-06-16:06
8.4,15,110,10.79,25,12.54,2023-06-16:07
8.4,15,110,10.79,25,12.54,2023-06-16:07
8.1,15,110,10.79,25,12.54,2023-06-16:08
8.1,15,110,10.79,25,12.54,2023-06-16:09
7.6,15,110,10.79,25,12.54,2023-06-16:10
7.6,15,110,10.79,25,12.54,2023-06-16:10
7.6,15,150,10.79,25,12.54,2023-06-16:11
7.6,15,150,10.79,25,12.54,2023-06-16:11
7.6,15,150,10.79,25,12.54,2023-06-16:12
7.6,15,150,10.79,25,12.54,2023-06-16:12
7.6,15,150,10.79,25,12.54,2023-06-16:12
7.6,15,150,10.79,25,12.54,2023-06-16:13
7.6,15,150,10.79,25,12.54,2023-06-16:14
7.6,15,150,10.79,25,12.54,2023-06-16:15
7.6,15,150,10.79,25,12.54,2023-06-16:15
7.6,15,150,10.79,25,12.54,2023-06-16:16
7.6,15,150,10.79,25,12.54,2023-06-16:16
7.6,15,150,10.79,25,12.54,2023-06-16:16
7.6,15,150,10.79,25,12.54,2023-06-16:17
7.3,15,150,10.79,25,12.54,2023-06-16:18
7.3,15,150,10.79,25,12.54,2023-06-16:18
7.3,15,150,10.79,25,12.54,2023-06-16:19
7.3,15,150,10.79,25,12.54,2023-06-16:19
7,15,140,10.79,25,12.54,2023-06-16:20
7,15,140,10.79,25,12.54,2023-06-16:20
7,15,140,10.79,25,12.54,2023-06-16:21
7,15,140,10.79,25,12.54,2023-06-16:21
7,15,140,10.79,25,12.54,2023-06-16:22
7,15,140,10.79,25,12.54,2023-06-16:22
7,15,140,10.79,25,12.54,2023-06-16:23
7,15,140,10.79,25,12.54,2023-06-16:23
7,15,140,10.79,25,12.54,2023-06-16:23
7,15,140,10.79,25,12.54,2023-06-16:00
7,15,140,10.79,25,12.54,2023-06-16:00
7,15,140,10.79,25,12.54,2023-06-16:01
7,15,140,10.79,25,12.54,2023-06-16:01
7,15,140,10.79,25,12.54,2023-06-16:01
7,15,140,10.79,25,12.54,2023-06-16:02
7,15,140,10.79,25,12.54,2023-06-16:02
7,15,140,10.79,25,12.54,2023-06-16:03
7,15,140,10.79,25,12.54,2023-06-16:03
7,15,140,10.79,25,12.54,2023-06-16:03
7,15,140,10.79,25,12.54,2023-06-16:04
7,15,140,10.79,25,12.54,2023-06-16:05
7,15,140,10.79,25,12.54,2023-06-16:05
7,15,140,10.79,25,12.54,2023-06-16:06
