ABC,Water,Gluten%,SV ml,Moisture,Temperature
3.3,17,10.77,26,12.52,27.8
3.3,17,10.77,26,12.52,29.4
3.3,17,10.77,26,12.52,31
3.3,17,10.77,26,12.52,33.7
3.3,17,10.77,26,12.52,33.7
5.1,17,10.77,26,12.52,33.7
5.1,17,10.77,26,12.52,36.3
5.1,17,10.77,26,12.52,36.3
5.1,17,10.77,26,12.52,38.7
5,17,10.77,26,12.52,38.7
5,17,10.77,26,12.52,39.8
5,17,10.77,26,12.52,39.8
4.8,17,10.77,26,12.52,39.8
4.8,17,10.77,26,12.52,40.6
4.8,17,10.77,26,12.52,40.6
4.8,17,10.77,26,12.52,40.6
4.5,17,10.77,26,12.52,41.2
4.5,17,10.77,26,12.52,41.2
4.5,17,10.77,26,12.52,40.5
4.5,17,10.77,26,12.52,40.5
4.5,17,10.77,26,12.52,39.3
4.5,17,10.77,26,12.52,39.3
4.6,17,10.77,26,12.52,38.2
4.6,17,10.77,26,12.52,38.2
4.6,17,10.77,26,12.52,35.9
4.8,16,10.77,26,12.52,27.8
4.8,16,10.77,26,12.52,29.4
4.8,15,10.77,26,12.52,29.4
4.8,15,10.77,26,12.52,29.4
4.8,15,10.77,26,12.52,31.7
4.8,15,10.77,26,12.52,31.7
4.8,15,10.77,26,12.52,30.8
4.8,15,10.77,26,12.52,30.8
4.8,15,10.77,26,12.52,29.6
4.8,15,10.77,26,12.52,29.6
4.8,15,10.77,26,12.52,28.5
4.8,15,10.77,26,12.52,28.5
4.8,15,10.77,26,12.52,27.9
4.8,15,10.77,26,12.52,27.9
4.8,15,10.77,26,12.52,27.9
4.8,15,10.77,26,12.52,27.1
4.8,15,10.77,26,12.52,27.1
4.8,15,10.77,26,12.52,27.1
4.8,15,10.77,26,12.52,26.3
4.8,15,10.77,26,12.52,26.3
4.8,16,10.77,26,12.52,26.3
4.8,16,10.77,26,12.52,26.3
4.8,16,10.77,26,12.52,26.2
4.8,16,10.77,26,12.52,26.2
4.8,16,10.77,26,12.52,26.1
5,16,11.24,26,12.17,31.5
5,16,11.24,26,12.17,31.5
5,16,11.24,26,12.17,34
5,16,11.24,26,12.17,34
5,16,11.24,26,12.17,34
5,16,11.24,26,12.17,34
5,16,11.24,26,12.17,36
5,16,11.24,26,12.17,36
5,16,11.24,26,12.17,36
5,16,11.24,26,12.17,36
5,16,11.24,26,12.17,36
5,16,11.24,26,12.17,37
5,16,11.24,26,12.17,37
5,16,11.24,26,12.17,38.7
5,16,11.24,26,12.17,38.7
5,16,11.24,26,12.17,37
5,16,11.24,26,12.17,37
5,16,11.24,26,12.17,37
5,16,11.24,26,12.17,36
5,16,11.24,26,12.17,36
5,16,11.24,26,12.17,31
4.5,15,11.24,26,12.17,29.2
4,15,11.24,26,12.17,29.2
4,15,11.24,26,12.17,27.9
4.5,15,11.24,26,12.17,27.9
4.5,15,11.24,26,12.17,27.6
4.5,15,11.24,26,12.17,27.6
5,15,11.24,26,12.17,26.7
5,15,11.24,26,12.17,26.7
5.5,15,11.24,26,12.17,26.7
5.5,15,11.24,26,12.17,26.1
5.5,15,11.24,26,12.17,26.1
5,15,11.24,26,12.17,25.4
5,15,11.24,26,12.17,25.4
5,15,11.24,26,12.17,24.9
5,15,11.24,26,12.17,24.9
5,15,11.24,26,12.17,24.4
5,15,11.24,26,12.17,24.4
5,15,11.24,26,12.17,26.7
5,15,11.24,26,12.17,26.7
5.2,16,11.24,26,12.17,28.8
5.2,16,11.24,26,12.17,31.5
5.2,16,11.24,26,12.17,31.5
5.2,16,11.24,26,12.17,34.2
5.2,16,11.24,26,12.17,34.2
5.2,16,11.24,26,12.17,37.1
5.4,16,11.24,26,12.17,38
5.4,16,11.24,26,12.17,38
5.4,16,11.24,26,12.17,38
5.4,16,11.24,26,12.17,38
5.4,16,11.24,26,12.17,38
5.4,16,11.24,26,12.17,37
5.4,16,11.24,26,12.17,37
5.4,16,11.24,26,12.17,37
5.4,16,11.24,26,12.17,37
5.4,16,11.24,26,12.17,36
5.4,16,11.24,26,12.17,36
5.5,16,11.24,26,12.17,32
5.5,16,11.24,26,12.17,32
5.5,16,11.24,26,12.17,33
5.5,16,11.24,26,12.17,33
5.5,16,11.24,26,12.17,31
5.4,16,11.24,26,12.17,31
5.4,16,11.24,26,12.17,30
5.4,16,11.24,26,12.17,30
5.4,16,11.24,26,12.17,29
5.4,16,11.24,26,12.17,29
5.4,16,11.24,26,12.17,27.2
5.4,16,11.24,26,12.17,27.2
5.4,16,11.24,26,12.17,25.9
5.4,16,11.24,26,12.17,25.9
5.4,16,11.24,26,12.17,25
5.4,16,11.24,26,12.17,25
5.4,16,11.24,26,12.17,25
5.4,16,11.24,26,12.17,24.2
5.4,16,11.24,26,12.17,23.8
5.4,16,11.24,26,12.17,23.8
5.4,16,11.24,26,12.17,23.5
5.4,16,11.24,26,12.17,23.5
5.4,16,11.24,26,12.17,26.1
5.4,16,11.24,26,12.17,28.8
5.4,16,10.97,24,13.29,30
5.4,16,10.97,24,13.29,30
5.4,16,10.97,24,13.29,30
5.4,16,10.97,24,13.29,30
5.2,15,10.97,24,13.29,33
5.2,15,10.97,24,13.29,33
5.2,15,10.97,24,13.29,33
5.2,15,10.97,24,13.29,33
5.2,15,10.97,24,13.29,37
5.2,15,10.97,24,13.29,37
5.2,15,10.97,24,13.29,38
5.4,15,10.97,24,13.29,38
5.4,15,10.97,24,13.29,38
5.4,15,10.97,24,13.29,37
5.4,15,10.97,24,13.29,37
5.4,15,10.97,24,13.29,37
5.4,15,10.97,24,13.29,32
5.4,15,10.97,24,13.29,32
5.4,15,10.97,24,13.29,30
5.4,15,10.97,24,13.29,30
5.4,15,10.97,24,13.29,30
5.4,15,10.97,24,13.29,30
5.4,15,10.97,24,13.29,30
5.4,15,10.97,24,13.29,30
5.4,15,10.97,24,13.29,28
5.4,15,10.97,24,13.29,28
5.4,15,10.97,24,13.29,28.6
5.4,15,10.97,24,13.29,28.6
5.4,15,10.97,24,13.29,27.9
5.4,15,10.97,24,13.29,27.9
5.4,15,10.97,24,13.29,26.6
5.4,15,10.97,24,13.29,26.6
5.4,15,10.97,24,13.29,25.8
5.4,15,10.97,24,13.29,25.8
5.4,15,10.97,24,13.29,25
5.4,15,10.97,24,13.29,24.2
5.4,15,10.97,24,13.29,24.2
5.4,15,10.97,24,13.29,26.8
5.4,15,10.97,24,13.29,26.8
5.4,15,10.97,24,13.29,28
5.4,15,10.97,24,13.29,29
5.4,15,10.97,24,13.29,29
5.4,15,10.97,24,13.29,32
5.4,15,10.97,24,13.29,32
5.4,15,10.97,24,13.29,33
5.4,15,10.97,24,13.29,35
5.4,15,10.97,24,13.29,35
5.4,15,10.97,24,13.29,28
5.4,15,10.97,24,13.29,28
5.4,15,10.97,24,13.29,28
5.4,15,10.97,24,13.29,26
5.4,15,10.97,24,13.29,26
5.4,15,10.97,24,13.29,26
5.4,15,10.97,24,13.29,26
5.4,15,10.97,24,13.29,28
5.4,15,10.97,24,13.29,28
5.4,15,10.97,24,13.29,28
5.4,15,10.97,24,13.29,28
5.4,15,10.97,24,13.29,28
5.4,15,10.97,24,13.29,28
5.4,15,10.97,24,13.29,28
5.4,15,10.97,24,13.29,28
5.4,15,10.97,24,13.29,28
5.4,15,10.97,24,13.29,29
5.4,15,10.97,24,13.29,26
5.4,15,10.97,24,13.29,26
5.4,15,10.97,24,13.29,29
5.4,15,10.97,24,13.29,29
5.4,15,10.97,24,13.29,30
5.4,15,10.97,24,13.29,30
5.4,15,10.97,24,13.29,32
5.4,15,10.97,24,13.29,32
5.4,15,10.97,24,13.29,32
5.4,15,10.97,24,13.29,32
5.4,15,10.97,24,13.29,33
5.4,15,10.97,24,13.29,33
5.4,15,10.97,24,13.29,33
5.4,15,10.97,24,13.29,35
5.4,15,10.97,24,13.29,35
5.4,15,10.97,24,13.29,35
5.4,15,10.97,24,13.29,35
5.4,15,10.97,24,13.29,35
5.4,15,10.97,24,13.29,35
5.4,15,10.97,24,13.29,33
5.4,15,10.97,24,13.29,33
5.4,15,10.97,24,13.29,33
5.4,15,10.97,24,13.29,22
5.4,15,10.97,24,13.29,25
5.4,15,10.97,24,13.29,25
5.4,15,10.97,24,13.29,25
5.4,15,10.97,24,13.29,25
5.4,15,10.97,24,13.29,25
5.4,15,10.97,24,13.29,25
5.4,15,10.97,24,13.29,29
5.4,15,10.97,24,13.29,29
5.4,15,10.97,24,13.29,29
5.4,15,10.97,24,13.29,27.7
5.4,15,10.97,24,13.29,27.7
5.4,15,10.97,24,13.29,26.7
5.4,15,10.97,24,13.29,26.7
5.4,15,10.97,24,13.29,25.9
5.4,15,10.97,24,13.29,25.9
5.4,15,10.97,24,13.29,25.7
5.4,15,10.97,24,13.29,25.7
5.4,15,10.97,24,13.29,25.6
5.5,16,11.48,27,12.98,28.8
5.5,16,11.48,27,12.98,28.8
5.5,16,11.48,27,12.98,30.8
5.5,16,11.48,27,12.98,30.8
5.5,16,11.48,27,12.98,29
5.5,16,11.48,27,12.98,29
5.5,16,11.48,27,12.98,33
5.5,16,11.48,27,12.98,33
5.5,16,11.48,27,12.98,33
5.5,16,11.48,27,12.98,33
5.5,16,11.48,27,12.98,33
5.5,16,11.48,27,12.98,34
5.5,16,11.48,27,12.98,34
5.5,16,11.48,27,12.98,35
5.5,16,11.48,27,12.98,35
5.5,16,11.48,27,12.98,35
5.5,16,11.48,27,12.98,35
5.5,16,11.48,27,12.98,35
5.5,16,11.48,27,12.98,35
5.5,16,11.48,27,12.98,32
5.5,16,11.48,27,12.98,32
5.5,16,11.48,27,12.98,32
6.2,18,11.48,27,12.98,32
6.2,18,11.48,27,12.98,29
6.2,18,11.48,27,12.98,29
6.2,18,11.48,27,12.98,29
6.2,18,11.48,27,12.98,27
6.2,18,11.48,27,12.98,27
6.2,18,11.48,27,12.98,26
6.2,18,11.48,27,12.98,26
6.2,18,11.48,27,12.98,26
6.2,18,11.48,27,12.98,24
6.2,18,11.48,27,12.98,24
6.2,18,11.48,27,12.98,24
6.2,18,11.48,27,12.98,25.9
6.2,18,11.48,27,12.98,25.9
6.2,18,11.48,27,12.98,25.4
6.2,18,11.48,27,12.98,25.4
6.2,18,11.48,27,12.98,25.2
6.2,18,11.48,27,12.98,25.2
6.2,18,11.48,27,12.98,25
6.2,18,11.48,27,12.98,25
6.2,18,11.48,27,12.98,24.8
6.2,18,11.48,27,12.98,24.8
6,18,11.48,27,12.98,26
6,18,11.48,27,12.98,29
6,18,11.48,27,12.98,29
6,18,11.48,27,12.98,29
6,18,11.48,27,12.98,29
6,18,11.48,27,12.98,30
6,18,11.48,27,12.98,30
6,18,11.48,27,12.98,32
6,18,11.48,27,12.98,32
6,18,11.48,27,12.98,32
6,18,11.48,27,12.98,32
6,18,11.48,27,12.98,32
6,18,11.48,27,12.98,34
6.1,18,11.48,27,12.98,34
6.1,18,11.48,27,12.98,33
6.1,18,11.48,27,12.98,33
6.1,18,11.48,27,12.98,34
6.1,18,11.48,27,12.98,34
6.1,18,11.48,27,12.98,34
5.9,18,11.48,27,12.98,34
5.9,18,11.48,27,12.98,32
5.9,18,11.48,27,12.98,32
5.9,18,11.48,27,12.98,31
5.9,18,11.48,27,12.98,31
5.9,18,11.48,27,12.98,31
5.9,18,11.48,27,12.98,25
5.9,18,11.48,27,12.98,24
5.9,18,11.48,27,12.98,21
5.9,18,11.48,27,12.98,21
5.9,18,11.48,27,12.98,21
5.9,18,11.48,27,12.98,21
5.9,18,11.48,27,12.98,25
6.2,18,11.48,27,12.98,25
6.2,18,11.48,27,12.98,25
6.2,18,11.48,27,12.98,25
6.2,18,11.48,27,12.98,25
6.2,18,11.48,27,12.98,25
5.9,18,11.48,27,12.98,24
5.9,18,11.48,27,12.98,24
5.9,18,11.48,27,12.98,24
5.9,18,11.48,27,12.98,24
5.9,18,11.48,27,12.98,24
6.5,18,11.48,27,12.98,22
6.5,18,11.48,27,12.98,22
6.3,18,11.48,27,12.98,26
6.3,18,11.48,27,12.98,26
6.3,18,11.48,27,12.98,26
6.3,18,11.48,27,12.98,28
6.1,18,11.48,27,12.98,28
6.1,18,11.48,27,12.98,28
6.1,18,11.48,27,12.98,30
6.1,18,11.48,27,12.98,30
6.1,18,11.48,27,12.98,30
6.1,18,11.48,27,12.98,30
6.1,18,11.48,27,12.98,30
6.1,18,11.48,27,12.98,30
6.1,18,11.48,27,12.98,31
6.1,18,11.48,27,12.98,31
6.1,18,11.48,27,12.98,32
6.1,18,11.48,27,12.98,32
6.1,18,11.48,27,12.98,32
6.1,18,11.48,27,12.98,32
6.1,18,11.48,27,12.98,32
6.1,18,11.48,27,12.98,31
6.1,18,11.48,27,12.98,31
6.1,18,11.48,27,12.98,30
6.1,18,11.48,27,12.98,30
5.9,18,11.48,27,12.98,27
5.9,18,11.48,27,12.98,27
5.9,18,11.48,27,12.98,26
5.9,18,11.48,27,12.98,26
5.9,18,11.48,27,12.98,25
5.9,18,11.48,27,12.98,25
5.9,18,11.48,27,12.98,21
5.9,18,11.48,27,12.98,21
5.9,18,11.48,27,12.98,21
6.2,18,11.48,27,12.98,21
6.2,18,11.48,27,12.98,21
6.2,18,11.48,27,12.98,21
6.2,18,11.48,27,12.98,21
6.2,18,11.48,27,12.98,21
6.2,18,11.48,27,12.98,21
6.2,18,11.48,27,12.98,21
6.2,18,11.48,27,12.98,21
6.2,18,11.48,27,12.98,21
6.2,18,11.48,27,12.98,21
6.2,18,11.48,27,12.98,21
6.2,18,11.48,27,12.98,21
6.7,22,11.48,27,12.98,26
6.7,22,11.48,27,12.98,26
6.7,22,11.48,27,12.98,27
6.7,22,11.48,27,12.98,27
6.7,22,11.48,27,12.98,30
6.7,22,11.48,27,12.98,30
6.7,22,11.48,27,12.98,30
6.7,22,11.48,27,12.98,31
6.5,22,11.48,27,12.98,31
6.5,22,11.48,27,12.98,30
6.5,22,11.48,27,12.98,30
6.5,22,11.48,27,12.98,30
6.5,22,11.48,27,12.98,30
6.5,22,11.48,27,12.98,31
6.2,22,11.48,27,12.98,31
6.2,22,11.48,27,12.98,31
6,22,11.48,27,12.98,31
6,22,11.48,27,12.98,31
5.8,22,11.48,27,12.98,32
5.8,22,11.48,27,12.98,30
6.2,22,11.48,27,12.98,30
6.5,22,11.48,27,12.98,29
6.5,22,11.48,27,12.98,29
6.5,22,11.48,27,12.98,28
6.5,22,11.48,27,12.98,28
6.4,16,11.48,27,12.98,28
6.4,16,11.48,27,12.98,28
6.4,16,11.48,27,12.98,28
6.4,16,11.48,27,12.98,28
6.4,16,11.48,27,12.98,28
6.4,16,11.48,27,12.98,28
6.4,16,11.48,27,12.98,28
6.4,16,11.48,27,12.98,26
6.4,16,11.48,27,12.98,25
6.4,16,11.48,27,12.98,25
6.4,16,11.48,27,12.98,25
6.4,16,11.48,27,12.98,25
6.4,16,11.48,27,12.98,25
6.4,16,11.48,27,12.98,24
6.4,16,11.48,27,12.98,24
6.4,16,11.48,27,12.98,23
6.4,16,11.48,27,12.98,23
6.4,16,11.48,27,12.98,23
7.5,20,11.22,28,12.81,27
7.5,20,11.22,28,12.81,29
7.5,20,11.22,28,12.81,29
7.5,20,11.22,28,12.81,29
7.5,20,11.22,28,12.81,29
7.5,20,11.22,28,12.81,28
7.5,20,11.22,28,12.81,29
7.5,20,11.22,28,12.81,29
7.5,20,11.22,28,12.81,29
7.5,20,11.22,28,12.81,31
7.5,20,11.22,28,12.81,31
7.5,20,11.22,28,12.81,31
7.5,20,11.22,28,12.81,30
7.5,20,11.22,28,12.81,35
7.5,20,11.22,28,12.81,35
7.5,20,11.22,28,12.81,32
7.5,20,11.22,28,12.81,32
7.5,20,11.22,28,12.81,31
7.5,20,11.22,28,12.81,31
7.5,20,11.22,28,12.81,31
7.5,20,11.22,28,12.81,31
7.5,20,11.22,28,12.81,31.1
6.5,16,11.22,28,12.81,29
6.5,16,11.22,28,12.81,29
6.5,16,11.22,28,12.81,29
6.5,16,11.22,28,12.81,29
6.5,16,11.22,28,12.81,29
6.5,16,11.22,28,12.81,26
6.5,16,11.22,28,12.81,26
6.8,16,11.22,28,12.81,25
6.8,16,11.22,28,12.81,25
6.8,16,11.22,28,12.81,25
6.8,16,11.22,28,12.81,25
6.8,16,11.22,28,12.81,24
6.8,16,11.22,28,12.81,24
6.8,16,11.22,28,12.81,24
6.8,16,11.22,28,12.81,24
6.8,16,11.22,28,12.81,24
6.8,16,11.22,28,12.81,25
6.8,15,11.22,28,12.81,20
6.8,15,11.22,28,12.81,21
6.8,15,11.22,28,12.81,21
6.8,15,11.22,28,12.81,22
6.8,15,11.22,28,12.81,25
6.8,15,11.22,28,12.81,25
6.8,15,11.22,28,12.81,25
6.8,15,11.22,28,12.81,27
6.8,15,11.22,28,12.81,27
6.8,15,11.22,28,12.81,27
6.8,15,11.22,28,12.81,26
6.8,15,11.22,28,12.81,26
6.8,15,11.22,28,12.81,30
6.8,15,11.22,28,12.81,30
6.8,15,11.22,28,12.81,30
6.8,15,11.22,28,12.81,30
6.8,15,11.22,28,12.81,30
6.8,15,11.22,28,12.81,31
6.8,15,11.22,28,12.81,31
6.8,15,11.22,28,12.81,31
6.8,15,11.22,28,12.81,29
6.8,15,11.22,28,12.81,28
6.8,15,11.22,28,12.81,28
5.7,16,11.22,28,12.81,27
5.7,16,11.22,28,12.81,27
5.7,16,11.22,28,12.81,26
5.7,16,11.22,28,12.81,26
5.7,16,11.22,28,12.81,26
5.7,16,11.22,28,12.81,25
5.7,16,11.22,28,12.81,25
5.7,16,11.22,28,12.81,25
5.7,16,11.22,28,12.81,25
5.7,16,11.22,28,12.81,25
5.7,16,11.22,28,12.81,26
5.7,16,11.22,28,12.81,26
5.7,16,11.22,28,12.81,25
5.7,16,11.22,28,12.81,25
5.7,16,11.22,28,12.81,25
5.7,16,11.22,28,12.81,25
5.7,16,11.22,28,12.81,25
5.7,16,11.22,28,12.81,21
5.7,16,11.22,28,12.81,21
5.7,16,11.22,28,12.81,20
5.7,16,11.22,28,12.81,25.6
5.7,16,11.22,28,12.81,25.6
5.7,16,11.22,28,12.81,25.6
5.7,16,11.22,28,12.81,28.2
5.7,16,11.22,28,12.81,28.2
5.7,16,11.22,28,12.81,28
5.7,16,11.22,28,12.81,30
5.7,16,11.22,28,12.81,30
5.7,16,11.22,28,12.81,30
5.3,16,11.22,28,12.81,30
5.3,16,11.22,28,12.81,30
5.3,16,11.22,28,12.81,31
5.3,16,11.22,28,12.81,31
5.8,16,11.22,28,12.81,30
5.8,16,11.22,28,12.81,30
5.8,16,11.22,28,12.81,30
5.9,16,11.22,28,12.81,31.7
5.9,16,11.22,28,12.81,32
5.9,16,11.22,28,12.81,32
5.9,16,11.22,28,12.81,32
6,16,11.22,28,12.81,30.5
6,16,11.22,28,12.81,30.5
5.7,16,11.22,28,12.81,30.4
5.7,16,11.22,28,12.81,30.4
5.7,16,11.22,28,12.81,27
5.7,18,11.22,28,12.81,25
5.7,18,11.22,28,12.81,25
5.7,18,11.22,28,12.81,24
5.7,18,11.22,28,12.81,24
5.7,18,11.22,28,12.81,23
5.7,18,11.22,28,12.81,23
5.7,18,11.22,28,12.81,23
5.7,18,11.22,28,12.81,23
5.7,18,11.22,28,12.81,23
5.7,18,11.22,28,12.81,23
5.7,18,11.22,28,12.81,23
5.7,18,11.22,28,12.81,23
5.7,18,11.22,28,12.81,22
5.7,18,11.22,28,12.81,22
5.7,18,11.22,28,12.81,22
5.7,18,11.22,28,12.81,22
5.7,18,11.22,28,12.81,22
5.7,18,11.22,28,12.81,22
5.7,18,11.22,28,12.81,22
5.7,18,11.22,28,12.81,22
5.7,18,11.22,28,12.81,23
4.7,18,11.22,28,12.81,23
4.7,18,11.22,28,12.81,23
4.7,18,11.22,28,12.81,23
4.7,18,11.22,28,12.81,23
4.7,18,11.22,28,12.81,23
4.7,18,11.22,28,12.81,25
4.7,18,11.22,28,12.81,25
4.7,18,11.22,28,12.81,25
4.7,18,11.22,28,12.81,29
4.7,18,11.22,28,12.81,29
4.7,18,11.22,28,12.81,29
4.7,18,11.22,28,12.81,30
4.7,18,11.22,28,12.81,30
4.7,18,11.22,28,12.81,31
4.5,18,11.22,28,12.81,31
4.5,18,11.22,28,12.81,31
4.5,18,11.22,28,12.81,31
4.5,18,11.22,28,12.81,31
4.5,18,11.22,28,12.81,30
4.5,18,11.22,28,12.81,30
4.5,18,11.22,28,12.81,29
4.5,20,11.22,28,12.81,27
4.5,20,11.22,28,12.81,25
4.5,20,11.22,28,12.81,25
4.5,20,11.22,28,12.81,25
4.5,20,11.22,28,12.81,25
4.5,20,11.22,28,12.81,23
4.5,20,11.22,28,12.81,23
4.5,20,11.22,28,12.81,23
4.5,20,11.22,28,12.81,23
4.5,20,11.22,28,12.81,22
4.5,20,11.22,28,12.81,22
4.5,20,11.22,28,12.81,22
4.5,20,11.22,28,12.81,22
4.5,20,11.22,28,12.81,22
4.5,20,11.22,28,12.81,22
4.5,20,11.22,28,12.81,22
4.5,20,11.22,28,12.81,22
4.5,20,11.22,28,12.81,22
4.5,20,11.22,28,12.81,22
4.5,20,11.22,28,12.81,22
4.5,20,11.22,28,12.81,22
4.5,19,11.22,28,12.81,24
4.5,19,11.22,28,12.81,24
4.5,19,11.22,28,12.81,25
4.5,19,11.22,28,12.81,26
4.5,19,11.22,28,12.81,26
4.5,19,11.22,28,12.81,27.7
4.5,19,11.22,28,12.81,27.7
4.5,19,11.22,28,12.81,27.7
4.5,19,11.22,28,12.81,31
4.5,19,11.22,28,12.81,31
4.5,19,11.22,28,12.81,31
4.5,19,11.22,28,12.81,31
4.5,19,11.22,28,12.81,32.9
4.5,19,11.22,28,12.81,32.9
4.3,19,11.22,28,12.81,33.2
4.3,19,11.22,28,12.81,33.2
4.3,19,11.22,28,12.81,31
4.3,19,11.22,28,12.81,30
4.3,19,11.22,28,12.81,30
4.7,17,11,28,12.41,28
4.7,17,11,28,12.41,28
4.7,17,11,28,12.41,26
4.7,17,11,28,12.41,26
4.7,17,11,28,12.41,28
4.7,17,11,28,12.41,28
4.7,17,11,28,12.41,28
4.5,17,11,28,12.41,29
4.5,17,11,28,12.41,29
4.5,17,11,28,12.41,30
4.5,17,11,28,12.41,30
4.5,17,11,28,12.41,32
4.2,17,11,28,12.41,32
4.2,17,11,28,12.41,31
4.2,17,11,28,12.41,31
4,17,11,28,12.41,31
4,17,11,28,12.41,31
4,17,11,28,12.41,31
4,17,11,28,12.41,31
4,17,11,28,12.41,30
4,17,11,28,12.41,30
4,14,10.51,25,12.86,27
4,14,10.51,25,12.86,27
4,14,10.51,25,12.86,27
4,14,10.51,25,12.86,27
4,15,10.51,25,12.86,29
4,15,10.51,25,12.86,29
4,15,10.51,25,12.86,32
4,14,10.51,25,12.86,32
4,13,10.51,25,12.86,32
4,13,10.51,25,12.86,33
4,12,10.51,25,12.86,31
4,12,10.51,25,12.86,31
4,12,10.51,25,12.86,30
4,12,10.51,25,12.86,28
4,12,10.51,25,12.86,28
4,12,10.51,25,12.86,27
4,12,10.51,25,12.86,27
4,12,10.51,25,12.86,28
4,12,10.51,25,12.86,28
4,12,10.51,25,12.86,28
4,12,10.51,25,12.86,28
4,12,10.51,25,12.86,31
3.8,12,10.51,25,12.86,32
3.8,12,10.51,25,12.86,33
3.8,12,10.51,25,12.86,33
3.8,12,10.51,25,12.86,33
3.5,12,10.51,25,12.86,34
3.5,12,10.51,25,12.86,34
3.5,12,10.51,25,12.86,35
3.3,10,10.51,25,12.86,35
3.3,10,10.51,25,12.86,35
3.3,10,10.51,25,12.86,35
3.3,10,10.51,25,12.86,35
3.3,10,10.51,25,12.86,35
3.6,10,10.51,25,12.86,35
3.6,10,10.51,25,12.86,35
3.6,10,10.51,25,12.86,32
3.6,10,10.51,25,12.86,32
3.6,10,10.51,25,12.86,32
3.6,10,10.51,25,12.86,32
3.8,10,10.51,25,12.86,28
3.8,10,10.51,25,12.86,27
3.8,10,10.51,25,12.86,27
3.8,10,10.51,25,12.86,27
3.8,10,10.51,25,12.86,27
3.8,10,10.51,25,12.86,27
3.8,10,10.51,25,12.86,28
3.8,10,10.51,25,12.86,28
3.8,10,10.51,25,12.86,27
3.8,10,10.51,25,12.86,27
3.8,10,10.51,25,12.86,27
3.8,10,10.51,25,12.86,27
3.8,10,10.51,25,12.86,26
3.8,10,10.51,25,12.86,26
3.8,10,10.51,25,12.86,26
3.8,10,10.51,25,12.86,26
3.8,10,10.51,25,12.86,25
3.8,10,10.51,25,12.86,25
3.8,10,10.51,25,12.86,25
3.8,9,10.51,25,12.86,25
3.8,9,10.51,25,12.86,28
3.8,9,10.51,25,12.86,28
4,9,10.51,25,12.86,29
4,9,10.51,25,12.86,31
4,9,10.51,25,12.86,31
4,9,10.51,25,12.86,32
4,9,10.51,25,12.86,34
4,9,10.51,25,12.86,35
4,9,10.51,25,12.86,35
4,9,10.51,25,12.86,35
4,9,10.51,25,12.86,35
4,9,10.51,25,12.86,35
4,9,10.51,25,12.86,35
4,9,10.51,25,12.86,32
4,9,10.51,25,12.86,32
4,9,10.51,25,12.86,30
3.8,11,10.51,25,12.86,34.1
3.8,11,10.51,25,12.86,36.7
3.8,11,10.51,25,12.86,36.7
3.8,11,10.51,25,12.86,36.7
3.5,12,10.51,25,12.86,39.3
3.5,12,10.51,25,12.86,41.8
3.5,12,10.51,25,12.86,41.8
3.5,12,10.51,25,12.86,41.8
3.5,12,10.51,25,12.86,42.5
3.5,12,10.51,25,12.86,42.5
3.5,12,10.51,25,12.86,43.4
3.5,12,10.51,25,12.86,43.4
3.5,12,10.51,25,12.86,44
3.5,12,10.51,25,12.86,44
3.5,12,10.51,25,12.86,44
3.5,12,10.51,25,12.86,43.6
3.5,12,10.51,25,12.86,43.6
3.5,12,10.51,25,12.86,43.6
3.5,12,10.51,25,12.86,38
3.5,12,10.51,25,12.86,38
3.5,12,10.51,25,12.86,38
3.5,12,10.51,25,12.86,37
3.5,12,10.51,25,12.86,37
3.5,12,10.51,25,12.86,35
3.5,12,10.51,25,12.86,35
3.5,12,10.51,25,12.86,32
3.5,12,10.51,25,12.86,32
3.5,12,10.51,25,12.86,30
3.5,12,10.51,25,12.86,30
3.5,12,10.51,25,12.86,30
3.5,12,10.51,25,12.86,30
3.5,12,10.51,25,12.86,30
3.5,12,10.51,25,12.86,30
3.5,12,10.51,25,12.86,31
3.5,12,10.51,25,12.86,31
3.5,12,10.51,25,12.86,31
3.5,12,10.51,25,12.86,30.2
3.5,12,10.51,25,12.86,30.2
3.5,12,10.51,25,12.86,30.2
3.5,12,10.51,25,12.86,29.8
3.5,12,10.51,25,12.86,29.8
3.5,12,10.51,25,12.86,29.8
3.5,12,10.51,25,12.86,29.8
3.5,12,10.51,25,12.86,29.1
3.5,12,10.51,25,12.86,29.1
3.5,12,10.51,25,12.86,29.1
3.5,12,10.51,25,12.86,29.1
3.5,12,10.51,25,12.86,28.6
3.5,12,10.51,25,12.86,28
3.5,11,10.51,25,12.86,30
3.5,11,10.51,25,12.86,30
3.5,11,10.51,25,12.86,30
3.5,11,10.51,25,12.86,30
3.5,11,10.51,25,12.86,32
3.5,12,10.51,25,12.86,32
3.5,12,10.51,25,12.86,32
3.5,12,10.51,25,12.86,32
3.5,12,10.51,25,12.86,32
3.5,12,10.51,25,12.86,32
3.5,12,10.51,25,12.86,36
3.5,12,10.51,25,12.86,36
3.5,12,10.51,25,12.86,36
3.5,12,10.51,25,12.86,36
3.5,12,10.51,25,12.86,36
3.5,12,10.51,25,12.86,36
3.5,12,10.51,25,12.86,36
3.5,12,10.51,25,12.86,36
3.5,12,10.51,25,12.86,38
3.5,12,10.51,25,12.86,38
3.5,12,10.51,25,12.86,38
3.5,12,10.51,25,12.86,38
3.5,12,10.51,25,12.86,38
3.5,12,10.51,25,12.86,38
3.5,12,10.51,25,12.86,38
3.5,12,10.51,25,12.86,35
3.5,12,10.51,25,12.86,35
3.5,12,10.51,25,12.86,35
3.5,12,10.51,25,12.86,35
3.3,10,10.51,25,12.86,31
3.3,10,10.51,25,12.86,31
3.3,10,10.51,25,12.86,30
3.3,10,10.51,25,12.86,30
3.6,10,10.51,25,12.86,30
3.6,10,10.51,25,12.86,31
3.6,10,10.51,25,12.86,31
3.6,10,10.51,25,12.86,29
3.6,10,10.51,25,12.86,29
3.6,10,10.51,25,12.86,29
3.6,10,10.51,25,12.86,29
4,10,10.51,25,12.86,28
4,10,10.51,25,12.86,28
4,10,10.51,25,12.86,28
4,10,10.51,25,12.86,28
4,10,10.51,25,12.86,28
4,10,10.51,25,12.86,26
4.5,10,10.51,25,12.86,26
4.5,10,10.51,25,12.86,26
4.5,10,10.51,25,12.86,26
4.5,10,10.51,25,12.86,26
4.5,10,10.51,25,12.86,25
4.5,10,10.51,25,12.86,25
4.5,10,10.51,25,12.86,26
4.5,12,11.07,25,12.71,29
4.5,12,11.07,25,12.71,29
4.5,12,11.07,25,12.71,30
4.5,12,11.07,25,12.71,30
4.5,12,11.07,25,12.71,33
4.5,12,11.07,25,12.71,33
4.5,12,11.07,25,12.71,33
4.5,12,11.07,25,12.71,33
4.5,12,11.07,25,12.71,33
4.5,12,11.07,25,12.71,36
4.5,12,11.07,25,12.71,36
4.3,12,11.07,25,12.71,36
4.3,12,11.07,25,12.71,36
4.4,12,11.07,25,12.71,36
4.4,12,11.07,25,12.71,36
4.4,12,11.07,25,12.71,36
4.4,12,11.07,25,12.71,36
4.6,12,11.07,25,12.71,36
4.6,12,11.07,25,12.71,36
4.6,12,11.07,25,12.71,37
4.6,12,11.07,25,12.71,37
4.6,12,11.07,25,12.71,37
4.6,12,11.07,25,12.71,37
4.8,12,11.07,25,12.71,37
4.8,12,11.07,25,12.71,37
4.8,12,11.07,25,12.71,37
4.8,12,11.07,25,12.71,37
4.5,12,11.07,25,12.71,36.3
4.5,12,11.07,25,12.71,36.3
4.5,12,11.07,25,12.71,34
4.5,12,11.07,25,12.71,34
4.5,12,11.07,25,12.71,34
4.5,12,11.07,25,12.71,34
4.5,12,11.07,25,12.71,32.1
4.5,12,11.07,25,12.71,32.1
4.5,12,11.07,25,12.71,30.9
4.5,12,11.07,25,12.71,30.9
4.5,12,11.07,25,12.71,30.9
4.5,12,11.07,25,12.71,29.9
4.5,12,11.07,25,12.71,29.9
4.5,12,11.07,25,12.71,29
4.5,12,11.07,25,12.71,29
4.5,12,11.07,25,12.71,27
4.5,12,11.07,25,12.71,27
4.5,12,11.07,25,12.71,27
4.5,12,11.07,25,12.71,27
4.5,12,11.07,25,12.71,27
4.5,12,11.07,25,12.71,27
4.5,12,11.07,25,12.71,25
4.5,12,11.07,25,12.71,25
4.5,12,11.07,25,12.71,25
4.5,12,11.07,25,12.71,25
4.5,12,11.07,25,12.71,25
4.5,12,11.07,25,12.71,25
4.5,12,11.07,25,12.71,29
5.5,12,11.16,25,12.61,31
5.5,12,11.16,25,12.61,31
5.5,12,11.16,25,12.61,31
5.5,12,11.16,25,12.61,32
5.5,12,11.16,25,12.61,32
5.5,12,11.16,25,12.61,35
5.5,12,11.16,25,12.61,35
5.5,12,11.16,25,12.61,35
5.8,12,11.16,25,12.61,35
5.8,12,11.16,25,12.61,35
5.8,12,11.16,25,12.61,37
5.8,12,11.16,25,12.61,37
5.8,12,11.16,25,12.61,37
5.8,12,11.16,25,12.61,37
5.8,12,11.16,25,12.61,37
5.8,12,11.16,25,12.61,37
5.8,12,11.16,25,12.61,37
5.8,12,11.16,25,12.61,38
5.8,12,11.16,25,12.61,38
5.8,12,11.16,25,12.61,38
5.8,13,11.16,25,12.61,38
5.8,13,11.16,25,12.61,38
5.8,13,11.16,25,12.61,38
5.8,13,11.16,25,12.61,37
5.8,13,11.16,25,12.61,37
5.8,13,11.16,25,12.61,37
5.8,13,11.16,25,12.61,37
5.5,14,11.16,25,12.61,31
5.5,14,11.16,25,12.61,31
5.5,14,11.16,25,12.61,31
5.5,14,11.16,25,12.61,31
5.5,14,11.16,25,12.61,32
5.5,14,11.16,25,12.61,32
5.5,14,11.16,25,12.61,35
5.5,14,11.16,25,12.61,35
5.5,14,11.16,25,12.61,36
5.5,14,11.16,25,12.61,36
5.5,14,11.16,25,12.61,37
5.5,14,11.16,25,12.61,37
5.5,14,11.16,25,12.61,37
5.5,14,11.16,25,12.61,37
5.5,14,11.16,25,12.61,39
5.5,14,11.16,25,12.61,39
5.5,14,11.16,25,12.61,39
5.5,14,11.16,25,12.61,38
5.5,14,11.16,25,12.61,38
5.5,14,11.16,25,12.61,38
5.5,14,11.16,25,12.61,38
5.5,14,11.16,25,12.61,38
5.5,14,11.16,25,12.61,38
5.5,14,11.16,25,12.61,37
5.5,14,11.16,25,12.61,37
5.5,14,11.16,25,12.61,37
5.5,14,11.16,25,12.61,37
5.5,14,11.16,25,12.61,35
4.7,12,11.16,25,12.61,29
4.7,12,11.16,25,12.61,30
4.7,12,11.16,25,12.61,30
4.7,12,11.16,25,12.61,30
4.7,12,11.16,25,12.61,33
4.7,12,11.16,25,12.61,33
4.7,12,11.16,25,12.61,34
4.7,12,11.16,25,12.61,34
4.7,12,11.16,25,12.61,34
4.7,12,11.16,25,12.61,36
4.7,12,11.16,25,12.61,36
4.7,12,11.16,25,12.61,38
4.8,12,11.16,25,12.61,38
4.8,12,11.16,25,12.61,38
4.8,12,11.16,25,12.61,38
4.8,12,11.16,25,12.61,38
4.8,12,11.16,25,12.61,38
4.8,12,11.16,25,12.61,38
4.8,12,11.16,25,12.61,34
4.8,12,11.16,25,12.61,34
4.8,12,11.16,25,12.61,34
4.9,12,11.16,25,12.61,34
4.9,12,11.16,25,12.61,34
4.9,12,11.16,25,12.61,32
4.9,12,11.16,25,12.61,32
4.9,12,11.16,25,12.61,30
4.9,12,11.16,25,12.61,30
4.9,12,11.16,25,12.61,29
4.9,12,11.16,25,12.61,29
4.9,12,11.16,25,12.61,29
4.9,12,11.16,25,12.61,29
4.9,12,11.16,25,12.61,28
4.9,12,11.16,25,12.61,28
4.9,12,11.16,25,12.61,27
4.9,12,11.16,25,12.61,27
4.9,12,11.16,25,12.61,27
4.9,12,11.16,25,12.61,27
4.9,12,11.16,25,12.61,27
4.9,12,11.16,25,12.61,27
4.9,12,11.16,25,12.61,27
4.9,12,11.16,25,12.61,30
4.9,12,11.16,25,12.61,30
4.9,12,11.16,25,12.61,29
4.9,12,11.16,25,12.61,29
4.9,12,11.16,25,12.61,28
4.9,12,11.16,25,12.61,28
4.9,12,11.16,25,12.61,28
4.9,12,11.16,25,12.61,27
4.9,12,11.16,25,12.61,27
4.9,12,11.16,25,12.61,27
4.9,12,11.16,25,12.61,27
4.9,12,11.16,25,12.61,27
4.9,12,11.16,25,12.61,26
4.9,12,11.16,25,12.61,26
5.5,12,11.08,27,12.73,26
5.5,12,11.08,27,12.73,29
5.5,12,11.08,27,12.73,29
5.5,12,11.08,27,12.73,29
5.5,12,11.08,27,12.73,30
5.5,12,11.08,27,12.73,30
5.5,12,11.08,27,12.73,30
5.5,12,11.08,27,12.73,33
5.5,12,11.08,27,12.73,34
5.5,12,11.08,27,12.73,36
5.5,12,11.08,27,12.73,36
5.5,12,11.08,27,12.73,36
5.5,12,11.08,27,12.73,37
5.5,12,11.08,27,12.73,37
5.5,12,11.08,27,12.73,39
5.5,12,11.08,27,12.73,39
5.5,12,11.08,27,12.73,39
5.5,12,11.08,27,12.73,39
5.5,12,11.08,27,12.73,39
5.5,12,11.08,27,12.73,34
5.5,12,11.08,27,12.73,34
5.5,12,11.08,27,12.73,34
4.6,13,10.66,25,12.93,22
4.6,13,10.66,25,12.93,22
4.6,13,10.66,25,12.93,22
4.6,13,10.66,25,12.93,24
4.6,13,10.66,25,12.93,24
4.6,13,10.66,25,12.93,29
4.6,13,10.66,25,12.93,29
4.6,13,10.66,25,12.93,31
4.6,13,10.66,25,12.93,31
4.6,13,10.66,25,12.93,31
4.6,13,10.66,25,12.93,35
4.6,13,10.66,25,12.93,35
4.6,13,10.66,25,12.93,35
4.6,13,10.66,25,12.93,35
4.6,13,10.66,25,12.93,35
4.6,13,10.66,25,12.93,35
4.6,13,10.66,25,12.93,35
4.6,13,10.66,25,12.93,36
4.6,13,10.66,25,12.93,36
4.6,13,10.66,25,12.93,36
4.6,13,10.66,25,12.93,35
4.6,13,10.66,25,12.93,35
4.6,13,10.66,25,12.93,35
4.6,13,10.66,25,12.93,34
4.6,13,10.66,25,12.93,34
4.6,13,10.66,25,12.93,31
5.3,14,11.12,26,12.89,34
5.3,14,11.12,26,12.89,31
5.3,14,11.12,26,12.89,30
5.3,14,11.12,26,12.89,30
5.3,14,11.12,26,12.89,29
5.3,14,11.12,26,12.89,29
5.3,14,11.12,26,12.89,29
5.3,14,11.12,26,12.89,29
5.5,14,11.12,26,12.89,29
5.5,14,11.12,26,12.89,27
5.5,14,11.12,26,12.89,27
5.5,14,11.12,26,12.89,27
5.5,14,11.12,26,12.89,28
5.5,14,11.12,26,12.89,28
5.5,14,11.12,26,12.89,28
5.5,14,11.12,26,12.89,28
5.5,14,11.12,26,12.89,28
5.5,14,11.12,26,12.89,28
5.5,14,11.12,26,12.89,28
5.5,14,11.12,26,12.89,28
5.5,14,11.12,26,12.89,22
6.3,14,11.12,26,12.89,22
6.3,14,11.12,26,12.89,21
6.3,14,11.12,26,12.89,21
6.3,14,11.12,26,12.89,21
6.3,14,11.12,26,12.89,22
6.3,14,11.12,26,12.89,22
6.3,14,11.12,26,12.89,22
5.3,14,11.12,26,12.89,28
5.3,14,11.12,26,12.89,28
5.3,14,11.12,26,12.89,29
5.3,14,11.12,26,12.89,29
5.3,14,11.12,26,12.89,32
5.3,14,11.12,26,12.89,32
5.3,14,11.12,26,12.89,32
5.3,14,11.12,26,12.89,33
5.3,14,11.12,26,12.89,33
5.3,14,11.12,26,12.89,35
5.3,14,11.12,26,12.89,35
5.3,14,11.12,26,12.89,35
5.3,14,11.12,26,12.89,35
5.3,14,11.12,26,12.89,35
5.3,14,11.12,26,12.89,36
5.3,14,11.12,26,12.89,36
5.3,14,11.12,26,12.89,36
5.3,14,11.12,26,12.89,36
5.3,14,11.12,26,12.89,36
5.3,14,11.12,26,12.89,36
5.3,14,11.12,26,12.89,36
5.3,14,11.12,26,12.89,36
5.3,14,11.12,26,12.89,36
5.3,14,11.12,26,12.89,34
5.3,14,11.12,26,12.89,34
5.3,14,11.12,26,12.89,34
5.3,14,11.12,26,12.89,34
5.3,14,11.12,26,12.89,34
5.8,12,11.12,26,12.89,28
5.8,12,11.12,26,12.89,29
5.8,12,11.12,26,12.89,29
5.8,12,11.12,26,12.89,29
5.8,12,11.12,26,12.89,29
5.8,12,11.12,26,12.89,29
5.8,12,11.12,26,12.89,29
5.5,14,11.12,26,12.89,26
5.5,14,11.12,26,12.89,29
5.5,14,11.12,26,12.89,29
5.5,14,11.12,26,12.89,30
5.5,14,11.12,26,12.89,30
5.5,14,11.12,26,12.89,33
5.5,14,11.12,26,12.89,33
5.5,14,11.12,26,12.89,34
5.5,14,11.12,26,12.89,35
5.5,14,11.12,26,12.89,35
5.5,14,11.12,26,12.89,36
5.5,14,11.12,26,12.89,36
5.5,14,11.12,26,12.89,37
5.5,14,11.12,26,12.89,37
5.5,14,11.12,26,12.89,37
5.5,14,11.12,26,12.89,37
5.5,14,11.12,26,12.89,37
5.5,14,11.12,26,12.89,36
5.5,14,11.12,26,12.89,36
5.5,14,11.12,26,12.89,36
5.5,14,11.12,26,12.89,35
5.5,14,11.12,26,12.89,35
6.4,14,11.12,26,12.89,32
6.4,14,11.12,26,12.89,31
6.4,14,11.12,26,12.89,31
6.4,14,11.12,26,12.89,31
6.4,14,11.12,26,12.89,30
6.4,14,11.12,26,12.89,30
6.4,14,11.12,26,12.89,30
6.3,14,11.12,26,12.89,28
6.3,14,11.12,26,12.89,28
6.3,14,11.12,26,12.89,28
6.3,14,11.12,26,12.89,28
6.3,14,11.12,26,12.89,31
6.3,14,11.12,26,12.89,31
6.3,14,11.12,26,12.89,31
6.3,14,11.12,26,12.89,32
6.3,14,11.12,26,12.89,32
6.5,14,11.12,26,12.89,32
6.5,14,11.12,26,12.89,34
6.5,14,11.12,26,12.89,34
6.5,14,11.12,26,12.89,36
6.5,14,11.12,26,12.89,36
6.5,14,11.12,26,12.89,36
6.1,14,11.12,26,12.89,34
6.1,14,11.12,26,12.89,34
6.1,14,11.12,26,12.89,34
6.1,14,11.12,26,12.89,35
6.1,14,11.12,26,12.89,35
6.1,14,11.12,26,12.89,35
6.1,14,11.12,26,12.89,35
6.1,14,11.12,26,12.89,35
6.1,14,11.12,26,12.89,35
6.1,14,11.12,26,12.89,35
6.5,14,11.12,26,12.89,35
6.5,14,11.12,26,12.89,31
6.5,14,11.12,26,12.89,31
6.5,14,11.12,26,12.89,31
6.5,14,11.12,26,12.89,31
6.5,14,11.12,26,12.89,30
6.5,15,11.12,26,12.89,30
6.8,15,11.12,26,12.89,30
6.8,15,11.12,26,12.89,29
6.8,15,11.12,26,12.89,29
6.8,15,11.12,26,12.89,29
6.8,15,11.12,26,12.89,29
6.8,15,11.12,26,12.89,29
6.8,15,11.12,26,12.89,29
6.8,15,11.12,26,12.89,29
6.8,15,11.12,26,12.89,28
6.8,15,11.12,26,12.89,28
7,15,11.12,26,12.89,28
7,15,11.12,26,12.89,28
7,15,11.12,26,12.89,28
7.3,14,11.12,26,12.89,28
7.3,14,11.12,26,12.89,28
7.3,14,11.12,26,12.89,29
7.3,14,11.12,26,12.89,29
7,14,11.12,26,12.89,32
7,14,11.12,26,12.89,32
7,14,11.12,26,12.89,33
7,14,11.12,26,12.89,33
7,14,11.12,26,12.89,34
7,14,11.12,26,12.89,34
7,14,11.12,26,12.89,35
7,14,11.12,26,12.89,36
7,14,11.12,26,12.89,36
6.6,14,11.12,26,12.89,36
6.6,14,11.12,26,12.89,36
6.6,14,11.12,26,12.89,36
6.6,14,11.12,26,12.89,36
6.6,14,11.12,26,12.89,36
6.6,14,11.12,26,12.89,36
6.2,14,11.12,26,12.89,36
6.2,14,11.12,26,12.89,36
6.2,14,11.12,26,12.89,36
6.2,14,11.12,26,12.89,35
6.2,14,11.12,26,12.89,35
6.2,14,11.12,26,12.89,35
6.2,14,11.12,26,12.89,35
6.2,15,11.12,26,12.89,35
6.2,15,11.12,26,12.89,35
6.2,15,11.12,26,12.89,31
6.5,15,11.12,26,12.89,31
6.5,15,11.12,26,12.89,31
6.5,15,11.12,26,12.89,31
6.5,15,11.12,26,12.89,31
6.5,15,11.12,26,12.89,30
6.8,15,11.12,26,12.89,30
6.8,15,11.12,26,12.89,28
6.8,15,11.12,26,12.89,28
6.8,15,11.12,26,12.89,29
6.8,15,11.12,26,12.89,29
6.8,15,11.12,26,12.89,29
6.8,15,11.12,26,12.89,29
6.8,15,11.12,26,12.89,28
6.8,15,11.12,26,12.89,28
6.8,15,11.12,26,12.89,28
6.8,15,11.12,26,12.89,28
6.8,15,11.12,26,12.89,28
6.8,15,11.12,26,12.89,27
6.8,15,11.12,26,12.89,27
6.8,15,11.12,26,12.89,27
6.8,15,11.12,26,12.89,27
6.8,15,11.12,26,12.89,27
6.8,15,11.12,26,12.89,28
6.7,16,11.12,26,12.89,29
6.7,16,11.12,26,12.89,30
6.7,16,11.12,26,12.89,30
6.7,16,11.12,26,12.89,30
6.7,16,11.12,26,12.89,32
6.7,16,11.12,26,12.89,32
6.7,16,11.12,26,12.89,32
6.7,16,11.12,26,12.89,33
6.7,16,11.12,26,12.89,33
6.7,16,11.12,26,12.89,35
6.7,16,11.12,26,12.89,35
6.7,16,11.12,26,12.89,35
6.7,16,11.12,26,12.89,35
6.7,16,11.12,26,12.89,35
6.7,16,11.12,26,12.89,36
6.7,16,11.12,26,12.89,36
6.7,16,11.12,26,12.89,36
6.7,16,11.12,26,12.89,36
6.7,16,11.12,26,12.89,37
6.7,16,11.12,26,12.89,37
6.7,16,11.12,26,12.89,37
6.7,16,11.12,26,12.89,36
6.7,16,11.12,26,12.89,36
6.7,16,11.12,26,12.89,35
6.7,16,11.12,26,12.89,35
6.7,16,11.12,26,12.89,35
6.2,15,11.12,26,12.89,32
6.2,15,11.12,26,12.89,32
6.2,15,11.12,26,12.89,32
6.2,15,11.12,26,12.89,32
6.2,15,11.12,26,12.89,30
6.2,15,11.12,26,12.89,30
6.2,15,11.12,26,12.89,29
6.5,15,11.12,26,12.89,29
6.5,15,11.12,26,12.89,29
6.5,15,11.12,26,12.89,29
6.5,15,11.12,26,12.89,35
6.8,15,11.12,26,12.89,35
6.8,15,11.12,26,12.89,35
6.8,15,11.12,26,12.89,28
6.8,15,11.12,26,12.89,28
6.8,15,11.12,26,12.89,28
7,15,11.12,26,12.89,28
7,15,11.12,26,12.89,27
7,15,11.12,26,12.89,27
7,15,11.12,26,12.89,27
7.2,15,11.12,26,12.89,28
7,14,10.52,24,12.3,28
7,14,10.52,24,12.3,28
7,14,10.52,24,12.3,28
7,14,10.52,24,12.3,28
7,14,10.52,24,12.3,28
7,14,10.52,24,12.3,32
7,14,10.52,24,12.3,32
7,14,10.52,24,12.3,34
7,14,10.52,24,12.3,34
7,14,10.52,24,12.3,36
6.7,14,10.52,24,12.3,36
6.7,14,10.52,24,12.3,36
6.7,14,10.52,24,12.3,37
6.5,14,10.52,24,12.3,36
6.5,14,10.52,24,12.3,37
6,14,10.52,24,12.3,37
6,14,10.52,24,12.3,37
6,14,10.52,24,12.3,37
6,14,10.52,24,12.3,37
6,14,10.52,24,12.3,37
6,14,10.52,24,12.3,37
6,14,10.52,24,12.3,37
6,14,10.52,24,12.3,37
6,14,10.52,24,12.3,34
6,14,10.52,24,12.3,34
6,14,10.52,24,12.3,30
6,14,10.52,24,12.3,30
6,14,10.52,24,12.3,30
6,14,10.52,24,12.3,32
6,14,10.52,24,12.3,31
6,14,10.52,24,12.3,30
6,14,10.52,24,12.3,30
6,14,10.52,24,12.3,30
6,14,10.52,24,12.3,30
6,14,10.52,24,12.3,30
6,14,10.52,24,12.3,29
6,14,10.52,24,12.3,29
6,14,10.52,24,12.3,29
6,14,10.52,24,12.3,28
6,14,10.52,24,12.3,28
6,14,10.52,24,12.3,27
6,14,10.52,24,12.3,27
6,14,10.52,24,12.3,27
6,14,10.52,24,12.3,27
6,14,10.52,24,12.3,27
6,14,10.52,24,12.3,27
6,14,10.52,24,12.3,27
6.5,14,10.52,24,12.3,28
6.5,14,10.52,24,12.3,28
6.5,14,10.52,24,12.3,28
6.5,14,10.52,24,12.3,27
6.5,14,10.52,24,12.3,27
6.5,14,10.52,24,12.3,27
6.5,14,10.52,24,12.3,25
6.5,14,10.52,24,12.3,25
6.5,14,10.52,24,12.3,25
6.5,14,10.52,24,12.3,25
6.5,14,10.52,24,12.3,27
6.5,14,10.52,24,12.3,27
6.5,14,10.52,24,12.3,27
6.5,14,10.52,24,12.3,27
6.5,14,10.52,24,12.3,31
6.5,14,10.52,24,12.3,31
6.5,14,10.52,24,12.3,32
6.5,14,10.52,24,12.3,32
6.5,14,10.52,24,12.3,33
6.5,14,10.52,24,12.3,33
6.5,14,10.52,24,12.3,33
6.5,14,10.52,24,12.3,33
6.5,14,10.52,24,12.3,33
6.5,14,10.52,24,12.3,32
6.5,14,10.52,24,12.3,32
6.5,14,10.52,24,12.3,31
6,13,10.52,24,12.3,28
6,13,10.52,24,12.3,28
6,13,10.52,24,12.3,28
6,13,10.52,24,12.3,29
6,13,10.52,24,12.3,29
6,13,10.52,24,12.3,28
6,13,10.52,24,12.3,25
6,13,10.52,24,12.3,25
6,13,10.52,24,12.3,30
6,13,10.52,24,12.3,30
6,13,10.52,24,12.3,30
6,13,10.52,24,12.3,28
6.5,14,10.52,24,12.3,29
65.5,14,10.52,24,12.3,29
6.5,14,10.52,24,12.3,31
6.7,14,10.52,24,12.3,31
6.7,14,10.52,24,12.3,31
6.7,14,10.52,24,12.3,34
6.5,14,10.52,24,12.3,34
6.5,14,10.52,24,12.3,34
6.5,14,10.52,24,12.3,35
6,14,10.52,24,12.3,35
6,14,10.52,24,12.3,36
6,14,10.52,24,12.3,36
6,14,10.52,24,12.3,37
6,14,10.52,24,12.3,37
6,14,10.52,24,12.3,37
6,14,10.52,24,12.3,38
6,14,10.52,24,12.3,38
6,14,10.52,24,12.3,37
6,14,10.52,24,12.3,37
6,14,10.52,24,12.3,37
6.3,14,10.52,24,12.3,37
6.3,14,10.52,24,12.3,35
6.3,14,10.52,24,12.3,35
6.3,14,10.52,24,12.3,33
6.3,14,10.52,24,12.3,33
6.5,14,10.52,24,12.3,30
6.5,14,10.52,24,12.3,30
6.5,14,10.52,24,12.3,30
6.5,14,10.52,24,12.3,29
6.5,14,10.52,24,12.3,29
6.5,14,10.52,24,12.3,29
6.5,14,10.52,24,12.3,29
6.5,14,10.52,24,12.3,29
6.5,14,10.52,24,12.3,28
6.5,14,10.52,24,12.3,28
6.5,14,10.52,24,12.3,25
6.5,14,10.52,24,12.3,25
6.5,14,10.52,24,12.3,24
6.5,14,10.52,24,12.3,24
6.5,14,10.52,24,12.3,24
6.5,14,10.52,24,12.3,24
6.5,14,10.52,24,12.3,24
6.5,14,10.52,24,12.3,24
6.5,14,10.52,24,12.3,24
5.8,14,11.06,25,12.92,31
5.8,14,11.06,25,12.92,31
5.8,14,11.06,25,12.92,31
5.8,14,11.06,25,12.92,31
5.8,14,11.06,25,12.92,32
5.8,14,11.06,25,12.92,32
5.8,14,11.06,25,12.92,32
5.8,14,11.06,25,12.92,35
5.8,14,11.06,25,12.92,36
5.8,14,11.06,25,12.92,36
5.8,14,11.06,25,12.92,37
5.5,14,11.06,25,12.92,37
5.5,14,11.06,25,12.92,38
5.5,14,11.06,25,12.92,38
5.5,14,11.06,25,12.92,38
5.3,14,11.06,25,12.92,39
5.3,14,11.06,25,12.92,39
5.3,14,11.06,25,12.92,39
5.3,14,11.06,25,12.92,39
5,14,11.06,25,12.92,38
5,14,11.06,25,12.92,38
5,14,11.06,25,12.92,38
5,14,11.06,25,12.92,38
5,14,11.06,25,12.92,38
5,14,11.06,25,12.92,38
5,14,11.06,25,12.92,38
5.4,15,11.06,25,12.92,36
5.4,15,11.06,25,12.92,34
5.4,15,11.06,25,12.92,34
5.4,15,11.06,25,12.92,34
5.4,15,11.06,25,12.92,34
5.4,15,11.06,25,12.92,31
5.4,15,11.06,25,12.92,31
5.4,15,11.06,25,12.92,31
5.4,15,11.06,25,12.92,29
5.4,15,11.06,25,12.92,29
5.4,15,11.06,25,12.92,28
5,15,11.06,25,12.92,28
5,15,11.06,25,12.92,28
5,15,11.06,25,12.92,28
5,15,11.06,25,12.92,32
5,15,11.06,25,12.92,32
5,15,11.06,25,12.92,33
5,15,11.06,25,12.92,33
5,15,11.06,25,12.92,33
5,15,11.06,25,12.92,34
5,15,11.06,25,12.92,34
5,15,11.06,25,12.92,35
5,15,11.06,25,12.92,35
5,15,11.06,25,12.92,37
5,15,11.06,25,12.92,37
5,15,11.06,25,12.92,37
5,15,11.06,25,12.92,37
5,15,11.06,25,12.92,37
5,15,11.06,25,12.92,38
5.2,15,11.06,25,12.92,39
5.2,15,11.06,25,12.92,39
5.2,15,11.06,25,12.92,39
5.2,15,11.06,25,12.92,39
5.2,15,11.06,25,12.92,39
5.2,15,11.06,25,12.92,38
5.2,15,11.06,25,12.92,38
5.2,15,11.06,25,12.92,35
5.2,15,11.06,25,12.92,35
5.2,15,11.06,25,12.92,35
5.4,15,11.06,25,12.92,31
5.4,15,11.06,25,12.92,31
5.4,15,11.06,25,12.92,31
5.4,15,11.06,25,12.92,31
5.4,15,11.06,25,12.92,31
5.4,15,11.06,25,12.92,30
5.4,15,11.06,25,12.92,30
5.4,15,11.06,25,12.92,31
5.4,15,11.06,25,12.92,31
5.4,15,11.06,25,12.92,31
5.4,15,11.06,25,12.92,31
5.4,15,11.06,25,12.92,31
5.4,15,11.06,25,12.92,31
5.4,15,11.06,25,12.92,31
5.4,15,11.06,25,12.92,31
5.4,15,11.06,25,12.92,31
5.4,15,11.06,25,12.92,31
5.4,15,11.06,25,12.92,31
5.4,15,11.06,25,12.92,31
5.4,15,11.06,25,12.92,31
5.4,15,11.06,25,12.92,31
5.4,15,11.06,25,12.92,31
5.4,15,11.06,25,12.92,31
5.4,15,11.06,25,12.92,30
5.4,15,11.06,25,12.92,30
5.4,15,11.06,25,12.92,30
5.4,15,11.06,25,12.92,30
5.4,15,11.06,25,12.92,30
5.4,15,11.06,25,12.92,30
3.7,15,10.58,26,12.54,30
3.7,15,10.58,26,12.54,30
4.1,15,10.58,26,12.54,30
4.1,15,10.58,26,12.54,30
4.1,15,10.58,26,12.54,30
5,15,10.58,26,12.54,30
5,15,10.58,26,12.54,30
5.5,15,10.58,26,12.54,30
5.5,15,10.58,26,12.54,30
5.5,15,10.58,26,12.54,30
5.5,15,10.58,26,12.54,31
5.5,15,10.58,26,12.54,31
5.3,15,10.58,26,12.54,31
5.3,15,10.58,26,12.54,35
5.3,15,10.58,26,12.54,35
5.3,15,10.58,26,12.54,35
5.3,15,10.58,26,12.54,35
5.3,15,10.58,26,12.54,35
5.3,15,10.58,26,12.54,34
5.3,15,10.58,26,12.54,34
5.3,15,10.58,26,12.54,34
5.5,16,11.22,26,12.87,28
5.5,16,11.22,26,12.87,28
5.5,16,11.22,26,12.87,28
5.5,16,11.22,26,12.87,28
5.5,16,11.22,26,12.87,28
5.5,16,11.22,26,12.87,31
5.5,16,11.22,26,12.87,31
5.5,16,11.22,26,12.87,31
5.5,16,11.22,26,12.87,33
5.5,16,11.22,26,12.87,33
5.5,16,11.22,26,12.87,33
5.5,16,11.22,26,12.87,34
5.5,16,11.22,26,12.87,34
5.5,16,11.22,26,12.87,34
5.5,16,11.22,26,12.87,35
5.5,16,11.22,26,12.87,35
5.5,16,11.22,26,12.87,35
5.5,16,11.22,26,12.87,35
5.5,16,11.22,26,12.87,35
5.5,16,11.22,26,12.87,35
5.5,16,11.22,26,12.87,35
5.5,16,11.22,26,12.87,35
5.5,16,11.22,26,12.87,35
5.5,16,11.22,26,12.87,35
5.5,16,11.22,26,12.87,34
5.5,16,11.22,26,12.87,34
5.5,16,11.22,26,12.87,34
3.5,14,11.22,26,12.87,33
3.5,14,11.22,26,12.87,33
3.5,14,11.22,26,12.87,33
3.5,14,11.22,26,12.87,33
3.9,14,11.22,26,12.87,33
3.9,14,11.22,26,12.87,30
3.9,14,11.22,26,12.87,30
3.9,14,11.22,26,12.87,30
3.5,14,11.22,26,12.87,30
3.5,14,11.22,26,12.87,30
4,14,11.22,26,12.87,29
4,14,11.22,26,12.87,29
4,14,11.22,26,12.87,29
4,14,11.22,26,12.87,24
4,14,11.22,26,12.87,24
4,14,11.22,26,12.87,24
4,14,11.22,26,12.87,24
4,14,11.22,26,12.87,24
4,14,11.22,26,12.87,24
4,14,11.22,26,12.87,23
4,14,11.22,26,12.87,23
4,14,11.22,26,12.87,24
4,14,11.22,26,12.87,24
4,14,11.22,26,12.87,24
4,14,11.22,26,12.87,24
4,14,11.22,26,12.87,30
4,14,11.22,26,12.87,30
4,14,11.22,26,12.87,31
4,14,11.22,26,12.87,31
4,14,11.22,26,12.87,33
4,14,11.22,26,12.87,33
4,14,11.22,26,12.87,33
4,14,11.22,26,12.87,33
4,14,11.22,26,12.87,33
4,14,11.22,26,12.87,35
4,14,11.22,26,12.87,35
4,14,11.22,26,12.87,35
4,14,11.22,26,12.87,35
4,14,11.22,26,12.87,36
4,14,11.22,26,12.87,36
4,14,11.22,26,12.87,37
4,14,11.22,26,12.87,37
4,14,11.22,26,12.87,37
4,14,11.22,26,12.87,37
4,14,11.22,26,12.87,37
4,14,11.22,26,12.87,37
4,14,11.22,26,12.87,37
4,14,11.22,26,12.87,37
4,14,11.22,26,12.87,35
4,14,11.22,26,12.87,35
4,14,11.22,26,12.87,33
5.5,14,11.22,26,12.87,32
5.5,14,11.22,26,12.87,32
5.5,14,11.22,26,12.87,32
5.3,14,11.22,26,12.87,32
5.3,14,11.22,26,12.87,30
5.3,14,11.22,26,12.87,30
5.3,14,11.22,26,12.87,30
5.5,14,11.22,26,12.87,29
5.5,14,11.22,26,12.87,29
5.5,14,11.22,26,12.87,28
5.8,14,11.22,26,12.87,28
5.8,14,11.22,26,12.87,28
5.8,14,11.22,26,12.87,28
6,14,11.22,26,12.87,28
6,14,11.22,26,12.87,29
6,14,11.22,26,12.87,29
6,14,11.22,26,12.87,28
6,14,11.22,26,12.87,28
6,14,11.22,26,12.87,27
5.5,13,10.72,26,12.35,28
5.5,13,10.72,26,12.35,28
5.5,13,10.72,26,12.35,29
5.5,13,10.72,26,12.35,29
5.8,13,10.72,26,12.35,32
5.8,13,10.72,26,12.35,32
5.8,13,10.72,26,12.35,33
5.8,13,10.72,26,12.35,35
5.8,13,10.72,26,12.35,35
5.8,13,10.72,26,12.35,36
6,13,10.72,26,12.35,37
6,13,10.72,26,12.35,37
6,13,10.72,26,12.35,37
6.5,13,10.72,26,12.35,37
6.5,13,10.72,26,12.35,31
6.5,13,10.72,26,12.35,31
6.5,13,10.72,26,12.35,31
7,13,10.72,26,12.35,31
7,13,10.72,26,12.35,31
6.7,13,10.72,26,12.35,31
6.7,13,10.72,26,12.35,30
6.7,13,10.72,26,12.35,29
6.7,13,10.72,26,12.35,29
6,13,10.72,26,12.35,28
6,13,10.72,26,12.35,28
6,13,10.72,26,12.35,28
6,13,10.72,26,12.35,28
6,13,10.72,26,12.35,28
6,13,10.72,26,12.35,28
6,13,10.72,26,12.35,27
6,13,10.72,26,12.35,27
6,13,10.72,26,12.35,27
5.8,13,10.72,26,12.35,29
5.8,13,10.72,26,12.35,29
5.8,13,10.72,26,12.35,29
5.8,13,10.72,26,12.35,28
5.9,13,10.72,26,12.35,28
5.9,13,10.72,26,12.35,29
5.9,13,10.72,26,12.35,29
5.9,13,10.72,26,12.35,29
5.9,13,10.72,26,12.35,29
6.3,13,10.72,26,12.35,29
6.3,13,10.72,26,12.35,29
6.3,13,10.72,26,12.35,27
6.3,13,10.72,26,12.35,27
6.3,15,10.72,26,12.35,28
6.3,15,10.72,26,12.35,28
6.3,15,10.72,26,12.35,28
6.6,15,10.72,26,12.35,29
6.6,15,10.72,26,12.35,31
6.6,15,10.72,26,12.35,31
6.6,15,10.72,26,12.35,32
6.2,15,10.72,26,12.35,32
6.2,15,10.72,26,12.35,34
6.2,15,10.72,26,12.35,34
6.2,15,10.72,26,12.35,35
6.2,15,10.72,26,12.35,37
6,15,10.72,26,12.35,37
6,15,10.72,26,12.35,37
6,15,10.72,26,12.35,37
6,15,10.72,26,12.35,37
6,15,10.72,26,12.35,38
6,15,10.72,26,12.35,38
6,15,10.72,26,12.35,37
6,15,10.72,26,12.35,35
6,15,10.72,26,12.35,35
6,15,10.72,26,12.35,35
6,15,10.72,26,12.35,35
6,15,10.72,26,12.35,33
6.3,15,10.72,26,12.35,32
6.3,15,10.72,26,12.35,32
6.3,15,10.72,26,12.35,32
6.3,15,10.72,26,12.35,31
6.3,15,10.72,26,12.35,31
6.3,15,10.72,26,12.35,31
6.3,15,10.72,26,12.35,30
6.3,15,10.72,26,12.35,30
6.3,15,10.72,26,12.35,30
6.3,15,10.72,26,12.35,27
6.3,15,10.72,26,12.35,27
6.3,15,10.72,26,12.35,27
6.2,15,10.72,26,12.35,27
6.2,15,10.72,26,12.35,27
6.2,15,10.72,26,12.35,26
6.2,15,10.72,26,12.35,26
6.2,15,10.72,26,12.35,25
6.2,15,10.72,26,12.35,25
6.2,15,10.72,26,12.35,25
6.2,15,10.72,26,12.35,25
6.2,15,10.72,26,12.35,25
6.2,14,10.72,26,12.35,29
6.2,14,10.72,26,12.35,29
6.2,14,10.72,26,12.35,29
6.2,14,10.72,26,12.35,29
6.2,14,10.72,26,12.35,32
6.2,14,10.72,26,12.35,32
6.2,14,10.72,26,12.35,32
6.2,14,10.72,26,12.35,32
6.2,14,10.72,26,12.35,32
6.2,14,10.72,26,12.35,32
6.2,14,10.72,26,12.35,35
6.2,14,10.72,26,12.35,35
6.2,14,10.72,26,12.35,35
6.2,14,10.72,26,12.35,35
6.2,14,10.72,26,12.35,36
6.2,14,10.72,26,12.35,36
6.2,14,10.72,26,12.35,37
6.2,14,10.72,26,12.35,37
6.2,14,10.72,26,12.35,32
6.2,14,10.72,26,12.35,32
6.2,14,10.72,26,12.35,32
6.2,14,10.72,26,12.35,28
6.2,14,10.72,26,12.35,28
6.2,14,10.72,26,12.35,29
6.5,15,10.72,26,12.35,29
6.5,15,10.72,26,12.35,29
6.5,15,10.72,26,12.35,29
6.5,15,10.72,26,12.35,29
6.5,15,10.72,26,12.35,29
6.2,15,11.08,26,12.89,28
6.2,15,11.08,26,12.89,28
6.2,15,11.08,26,12.89,29
6.2,15,11.08,26,12.89,29
6.2,15,11.08,26,12.89,31
6.2,15,11.08,26,12.89,31
6.2,15,11.08,26,12.89,32
6.2,15,11.08,26,12.89,32
6.2,15,11.08,26,12.89,34
6.5,15,11.08,26,12.89,34
6.5,15,11.08,26,12.89,34
6.5,15,11.08,26,12.89,35
6.5,15,11.08,26,12.89,35
6.5,15,11.08,26,12.89,35
6.5,15,11.08,26,12.89,36
6.5,15,11.08,26,12.89,36
6.5,15,11.08,26,12.89,36
6.5,15,11.08,26,12.89,36
6.5,15,11.08,26,12.89,36
6.5,15,11.08,26,12.89,36
6.5,15,11.08,26,12.89,36
6.5,15,11.08,26,12.89,36
6.5,15,11.08,26,12.89,35
6.5,15,11.08,26,12.89,35
6.5,15,11.08,26,12.89,34
6.2,14,11.08,26,12.89,32
6.2,14,11.08,26,12.89,32
6.2,14,11.08,26,12.89,32
6.2,14,11.08,26,12.89,32
6.2,14,11.08,26,12.89,26
6.2,14,11.08,26,12.89,26
6.2,14,11.08,26,12.89,26
6.2,14,11.08,26,12.89,25
6.2,14,11.08,26,12.89,25
6.2,14,11.08,26,12.89,25
6.2,14,11.08,26,12.89,27
6.2,14,11.08,26,12.89,27
6.2,14,11.08,26,12.89,27
6.2,14,11.08,26,12.89,27
6.2,14,11.08,26,12.89,27
6.2,14,11.08,26,12.89,27
6.2,14,11.08,26,12.89,27
6.2,14,11.08,26,12.89,27
6.2,14,11.08,26,12.89,27
6.2,14,11.08,26,12.89,27
6.2,14,11.08,26,12.89,27
6.2,14,11.08,26,12.89,28
6.2,14,11.08,26,12.89,28
6,15,11.08,26,12.89,29
6,15,11.08,26,12.89,29
6,15,11.08,26,12.89,31
6,15,11.08,26,12.89,31
6,15,11.08,26,12.89,31
6,15,11.08,26,12.89,32
6,15,11.08,26,12.89,32
6,15,11.08,26,12.89,34
6,15,11.08,26,12.89,34
6,15,11.08,26,12.89,35
6,15,11.08,26,12.89,35
6,15,11.08,26,12.89,35
6,15,11.08,26,12.89,36
6,15,11.08,26,12.89,36
6,15,11.08,26,12.89,36
6,15,11.08,26,12.89,36
6,15,11.08,26,12.89,36
6,15,11.08,26,12.89,37
6,15,11.08,26,12.89,37
6,15,11.08,26,12.89,37
6,15,11.08,26,12.89,37
6,15,11.08,26,12.89,37
6,15,11.08,26,12.89,36
6,15,11.08,26,12.89,36
6,15,11.08,26,12.89,35
6,15,11.08,26,12.89,35
6,15,11.08,26,12.89,32
6,15,11.08,26,12.89,32
6,15,11.08,26,12.89,32
6.2,15,11.08,26,12.89,32
6.2,15,11.08,26,12.89,31
6.2,15,11.08,26,12.89,31
6.2,15,11.08,26,12.89,30
6.2,15,11.08,26,12.89,30
6.2,15,11.08,26,12.89,30
6.2,15,11.08,26,12.89,30
6.2,15,11.08,26,12.89,30
7,15,11.08,26,12.89,29
7,15,11.08,26,12.89,29
7,15,11.08,26,12.89,28
7,15,11.08,26,12.89,28
7,15,11.08,26,12.89,27
7,15,11.08,26,12.89,27
7,15,11.08,26,12.89,27
7,15,11.08,26,12.89,27
7,15,11.08,26,12.89,27
7,15,11.08,26,12.89,26
7,15,11.08,26,12.89,26
7,15,11.08,26,12.89,26
7,15,11.08,26,12.89,28
7,15,11.08,26,12.89,28
7.2,15,11.08,26,12.89,28
7.2,15,11.08,26,12.89,29
7.2,15,11.08,26,12.89,29
7.2,15,11.08,26,12.89,29
7.2,15,11.08,26,12.89,31
7.2,15,11.08,26,12.89,32
7,15.2,11.08,26,12.89,33
7,15.2,11.08,26,12.89,33
7.2,15.2,11.08,26,12.89,34
7.2,15.2,11.08,26,12.89,34
7.2,15.2,11.08,26,12.89,34
7.2,15.2,11.08,26,12.89,36
7.2,15.2,11.08,26,12.89,36
7.2,15.2,11.08,26,12.89,36
7.4,15.2,11.08,26,12.89,36
7.4,15.2,11.08,26,12.89,36
7.4,15.2,11.08,26,12.89,36
7.4,15.2,11.08,26,12.89,36
7.4,15.2,11.08,26,12.89,36
7.4,15.2,11.08,26,12.89,35
7.4,15.2,11.08,26,12.89,35
7.4,15.2,11.08,26,12.89,35
7.4,15.2,11.08,26,12.89,35
7.4,15.2,11.08,26,12.89,35
7.4,15.2,11.08,26,12.89,33
7.4,15.2,11.08,26,12.89,33
7.4,15.2,11.08,26,12.89,33
7.7,15,11.08,26,12.89,32
7.7,15,11.08,26,12.89,30
7.7,15,11.08,26,12.89,30
7.7,15,11.08,26,12.89,30
7.7,15,11.08,26,12.89,30
7.7,15,11.08,26,12.89,30
7.7,15,11.08,26,12.89,30
7.7,15,11.08,26,12.89,30
7.7,15,11.08,26,12.89,30
7.7,15,11.08,26,12.89,29
7.7,15,11.08,26,12.89,29
7.7,15,11.08,26,12.89,28
7.7,15,11.08,26,12.89,28
7.7,15,11.08,26,12.89,27
7.7,15,11.08,26,12.89,27
7.7,15,11.08,26,12.89,27
7.7,15,11.08,26,12.89,26
7.7,15,11.08,26,12.89,26
7.7,15,11.08,26,12.89,26
7.7,15,11.08,26,12.89,26
7.7,15,11.08,26,12.89,26
7.7,15,11.08,26,12.89,28
7.7,15,11.08,26,12.89,28
8,15,10.79,25,12.54,28
8,15,10.79,25,12.54,29
8,15,10.79,25,12.54,29
8,15,10.79,25,12.54,29
8,15,10.79,25,12.54,31
8,15,10.79,25,12.54,32
8,15,10.79,25,12.54,32
8,15,10.79,25,12.54,33
8,15,10.79,25,12.54,33
8,15,10.79,25,12.54,34
7.8,15,10.79,25,12.54,34
7.8,15,10.79,25,12.54,36
7.8,15,10.79,25,12.54,36
7.8,15,10.79,25,12.54,36
7.8,15,10.79,25,12.54,37
7.8,15,10.79,25,12.54,37
7.8,15,10.79,25,12.54,37
7.5,15,10.79,25,12.54,37
7.5,15,10.79,25,12.54,37
7.3,15,10.79,25,12.54,37
7.3,15,10.79,25,12.54,37
6.5,15,10.79,25,12.54,36
6.5,15,10.79,25,12.54,36
6.5,15,10.79,25,12.54,33
6.5,15,10.79,25,12.54,33
7,16,10.79,25,12.54,32
7,16,10.79,25,12.54,31
7,16,10.79,25,12.54,31
7,16,10.79,25,12.54,31
7.3,16,10.79,25,12.54,31
7.3,16,10.79,25,12.54,31
7.3,16,10.79,25,12.54,30
7.3,16,10.79,25,12.54,30
7,16,10.79,25,12.54,30
7,16,10.79,25,12.54,29
7,16,10.79,25,12.54,29
8,16,10.79,25,12.54,29
8,16,10.79,25,12.54,29
8,16,10.79,25,12.54,28
8.2,16,10.79,25,12.54,28
8.2,16,10.79,25,12.54,28
8.2,16,10.79,25,12.54,27
8.4,16,10.79,25,12.54,27
8.4,16,10.79,25,12.54,26
8.4,16,10.79,25,12.54,26
8.4,16,10.79,25,12.54,26
8.4,16,10.79,25,12.54,26
8.4,15,10.79,25,12.54,26
8.4,15,10.79,25,12.54,28
8.4,15,10.79,25,12.54,28
8.1,15,10.79,25,12.54,29
8.1,15,10.79,25,12.54,32
7.6,15,10.79,25,12.54,32
7.6,15,10.79,25,12.54,32
7.6,15,10.79,25,12.54,34
7.6,15,10.79,25,12.54,34
7.6,15,10.79,25,12.54,35
7.6,15,10.79,25,12.54,35
7.6,15,10.79,25,12.54,35
7.6,15,10.79,25,12.54,36
7.6,15,10.79,25,12.54,37
7.6,15,10.79,25,12.54,37
7.6,15,10.79,25,12.54,37
7.6,15,10.79,25,12.54,37
7.6,15,10.79,25,12.54,37
7.6,15,10.79,25,12.54,37
7.6,15,10.79,25,12.54,35
7.3,15,10.79,25,12.54,35
7.3,15,10.79,25,12.54,35
7.3,15,10.79,25,12.54,33
7.3,15,10.79,25,12.54,33
7,15,10.79,25,12.54,32
7,15,10.79,25,12.54,32
7,15,10.79,25,12.54,31
7,15,10.79,25,12.54,31
7,15,10.79,25,12.54,31
7,15,10.79,25,12.54,31
7,15,10.79,25,12.54,30
7,15,10.79,25,12.54,30
7,15,10.79,25,12.54,30
7,15,10.79,25,12.54,31
7,15,10.79,25,12.54,31
7,15,10.79,25,12.54,29
7,15,10.79,25,12.54,29
7,15,10.79,25,12.54,29
7,15,10.79,25,12.54,29
7,15,10.79,25,12.54,29
7,15,10.79,25,12.54,28
7,15,10.79,25,12.54,28
7,15,10.79,25,12.54,28
7,15,10.79,25,12.54,27
7,15,10.79,25,12.54,26
7,15,10.79,25,12.54,26
7,15,10.79,25,12.54,26
