ABC,Water,Gluten%,SV ml,Moisture,Timing
3.3,17,10.77,26,12.52,Morning
3.3,17,10.77,26,12.52,Morning
3.3,17,10.77,26,12.52,Morning
3.3,17,10.77,26,12.52,Morning
3.3,17,10.77,26,12.52,Morning
5.1,17,10.77,26,12.52,Morning
5.1,17,10.77,26,12.52,Morning
5.1,17,10.77,26,12.52,Morning
5.1,17,10.77,26,12.52,Morning
5,17,10.77,26,12.52,Morning
5,17,10.77,26,12.52,Morning
5,17,10.77,26,12.52,Morning
4.8,17,10.77,26,12.52,Morning
4.8,17,10.77,26,12.52,Afternoon
4.8,17,10.77,26,12.52,Afternoon
4.8,17,10.77,26,12.52,Afternoon
4.5,17,10.77,26,12.52,Afternoon
4.5,17,10.77,26,12.52,Afternoon
4.5,17,10.77,26,12.52,Afternoon
4.5,17,10.77,26,12.52,Afternoon
4.5,17,10.77,26,12.52,Afternoon
4.5,17,10.77,26,12.52,Afternoon
4.6,17,10.77,26,12.52,Afternoon
4.6,17,10.77,26,12.52,Afternoon
4.6,17,10.77,26,12.52,Afternoon
4.8,16,10.77,26,12.52,Afternoon
4.8,16,10.77,26,12.52,Afternoon
4.8,15,10.77,26,12.52,Afternoon
4.8,15,10.77,26,12.52,Afternoon
4.8,15,10.77,26,12.52,Night
4.8,15,10.77,26,12.52,Night
4.8,15,10.77,26,12.52,Night
4.8,15,10.77,26,12.52,Night
4.8,15,10.77,26,12.52,Night
4.8,15,10.77,26,12.52,Night
4.8,15,10.77,26,12.52,Night
4.8,15,10.77,26,12.52,Night
4.8,15,10.77,26,12.52,Night
4.8,15,10.77,26,12.52,Night
4.8,15,10.77,26,12.52,Night
4.8,15,10.77,26,12.52,Night
4.8,15,10.77,26,12.52,Night
4.8,15,10.77,26,12.52,Night
4.8,15,10.77,26,12.52,Night
4.8,15,10.77,26,12.52,Night
4.8,16,10.77,26,12.52,Night
4.8,16,10.77,26,12.52,Night
4.8,16,10.77,26,12.52,Night
4.8,16,10.77,26,12.52,Night
4.8,16,10.77,26,12.52,Night
5,16,11.24,26,12.17,Morning
5,16,11.24,26,12.17,Morning
5,16,11.24,26,12.17,Morning
5,16,11.24,26,12.17,Morning
5,16,11.24,26,12.17,Morning
5,16,11.24,26,12.17,Morning
5,16,11.24,26,12.17,Morning
5,16,11.24,26,12.17,Morning
5,16,11.24,26,12.17,Morning
5,16,11.24,26,12.17,Morning
5,16,11.24,26,12.17,Morning
5,16,11.24,26,12.17,Afternoon
5,16,11.24,26,12.17,Afternoon
5,16,11.24,26,12.17,Afternoon
5,16,11.24,26,12.17,Afternoon
5,16,11.24,26,12.17,Afternoon
5,16,11.24,26,12.17,Afternoon
5,16,11.24,26,12.17,Afternoon
5,16,11.24,26,12.17,Afternoon
5,16,11.24,26,12.17,Afternoon
5,16,11.24,26,12.17,Afternoon
4.5,15,11.24,26,12.17,Night
4,15,11.24,26,12.17,Night
4,15,11.24,26,12.17,Night
4.5,15,11.24,26,12.17,Night
4.5,15,11.24,26,12.17,Night
4.5,15,11.24,26,12.17,Night
5,15,11.24,26,12.17,Night
5,15,11.24,26,12.17,Night
5.5,15,11.24,26,12.17,Night
5.5,15,11.24,26,12.17,Night
5.5,15,11.24,26,12.17,Night
5,15,11.24,26,12.17,Night
5,15,11.24,26,12.17,Night
5,15,11.24,26,12.17,Night
5,15,11.24,26,12.17,Night
5,15,11.24,26,12.17,Night
5,15,11.24,26,12.17,Night
5,15,11.24,26,12.17,Night
5,15,11.24,26,12.17,Night
5.2,16,11.24,26,12.17,Morning
5.2,16,11.24,26,12.17,Morning
5.2,16,11.24,26,12.17,Morning
5.2,16,11.24,26,12.17,Morning
5.2,16,11.24,26,12.17,Morning
5.2,16,11.24,26,12.17,Morning
5.4,16,11.24,26,12.17,Morning
5.4,16,11.24,26,12.17,Morning
5.4,16,11.24,26,12.17,Morning
5.4,16,11.24,26,12.17,Morning
5.4,16,11.24,26,12.17,Afternoon
5.4,16,11.24,26,12.17,Afternoon
5.4,16,11.24,26,12.17,Afternoon
5.4,16,11.24,26,12.17,Afternoon
5.4,16,11.24,26,12.17,Afternoon
5.4,16,11.24,26,12.17,Afternoon
5.4,16,11.24,26,12.17,Afternoon
5.5,16,11.24,26,12.17,Night
5.5,16,11.24,26,12.17,Night
5.5,16,11.24,26,12.17,Night
5.5,16,11.24,26,12.17,Night
5.5,16,11.24,26,12.17,Night
5.4,16,11.24,26,12.17,Night
5.4,16,11.24,26,12.17,Night
5.4,16,11.24,26,12.17,Night
5.4,16,11.24,26,12.17,Night
5.4,16,11.24,26,12.17,Night
5.4,16,11.24,26,12.17,Night
5.4,16,11.24,26,12.17,Night
5.4,16,11.24,26,12.17,Night
5.4,16,11.24,26,12.17,Night
5.4,16,11.24,26,12.17,Night
5.4,16,11.24,26,12.17,Night
5.4,16,11.24,26,12.17,Night
5.4,16,11.24,26,12.17,Night
5.4,16,11.24,26,12.17,Night
5.4,16,11.24,26,12.17,Night
5.4,16,11.24,26,12.17,Night
5.4,16,11.24,26,12.17,Night
5.4,16,11.24,26,12.17,Night
5.4,16,11.24,26,12.17,Night
5.4,16,10.97,24,13.29,Morning
5.4,16,10.97,24,13.29,Morning
5.4,16,10.97,24,13.29,Morning
5.4,16,10.97,24,13.29,Morning
5.2,15,10.97,24,13.29,Morning
5.2,15,10.97,24,13.29,Morning
5.2,15,10.97,24,13.29,Morning
5.2,15,10.97,24,13.29,Morning
5.2,15,10.97,24,13.29,Morning
5.2,15,10.97,24,13.29,Morning
5.2,15,10.97,24,13.29,Morning
5.4,15,10.97,24,13.29,Morning
5.4,15,10.97,24,13.29,Afternoon
5.4,15,10.97,24,13.29,Afternoon
5.4,15,10.97,24,13.29,Afternoon
5.4,15,10.97,24,13.29,Afternoon
5.4,15,10.97,24,13.29,Afternoon
5.4,15,10.97,24,13.29,Night
5.4,15,10.97,24,13.29,Night
5.4,15,10.97,24,13.29,Night
5.4,15,10.97,24,13.29,Night
5.4,15,10.97,24,13.29,Night
5.4,15,10.97,24,13.29,Night
5.4,15,10.97,24,13.29,Night
5.4,15,10.97,24,13.29,Night
5.4,15,10.97,24,13.29,Night
5.4,15,10.97,24,13.29,Night
5.4,15,10.97,24,13.29,Night
5.4,15,10.97,24,13.29,Night
5.4,15,10.97,24,13.29,Night
5.4,15,10.97,24,13.29,Night
5.4,15,10.97,24,13.29,Night
5.4,15,10.97,24,13.29,Night
5.4,15,10.97,24,13.29,Night
5.4,15,10.97,24,13.29,Night
5.4,15,10.97,24,13.29,Night
5.4,15,10.97,24,13.29,Night
5.4,15,10.97,24,13.29,Night
5.4,15,10.97,24,13.29,Night
5.4,15,10.97,24,13.29,Night
5.4,15,10.97,24,13.29,Night
5.4,15,10.97,24,13.29,Night
5.4,15,10.97,24,13.29,Night
5.4,15,10.97,24,13.29,Night
5.4,15,10.97,24,13.29,Night
5.4,15,10.97,24,13.29,Night
5.4,15,10.97,24,13.29,Night
5.4,15,10.97,24,13.29,Night
5.4,15,10.97,24,13.29,Night
5.4,15,10.97,24,13.29,Night
5.4,15,10.97,24,13.29,Night
5.4,15,10.97,24,13.29,Night
5.4,15,10.97,24,13.29,Night
5.4,15,10.97,24,13.29,Night
5.4,15,10.97,24,13.29,Night
5.4,15,10.97,24,13.29,Night
5.4,15,10.97,24,13.29,Night
5.4,15,10.97,24,13.29,Night
5.4,15,10.97,24,13.29,Night
5.4,15,10.97,24,13.29,Night
5.4,15,10.97,24,13.29,Night
5.4,15,10.97,24,13.29,Night
5.4,15,10.97,24,13.29,Night
5.4,15,10.97,24,13.29,Night
5.4,15,10.97,24,13.29,Morning
5.4,15,10.97,24,13.29,Morning
5.4,15,10.97,24,13.29,Morning
5.4,15,10.97,24,13.29,Morning
5.4,15,10.97,24,13.29,Morning
5.4,15,10.97,24,13.29,Morning
5.4,15,10.97,24,13.29,Morning
5.4,15,10.97,24,13.29,Morning
5.4,15,10.97,24,13.29,Morning
5.4,15,10.97,24,13.29,Morning
5.4,15,10.97,24,13.29,Afternoon
5.4,15,10.97,24,13.29,Afternoon
5.4,15,10.97,24,13.29,Afternoon
5.4,15,10.97,24,13.29,Afternoon
5.4,15,10.97,24,13.29,Afternoon
5.4,15,10.97,24,13.29,Afternoon
5.4,15,10.97,24,13.29,Afternoon
5.4,15,10.97,24,13.29,Afternoon
5.4,15,10.97,24,13.29,Afternoon
5.4,15,10.97,24,13.29,Afternoon
5.4,15,10.97,24,13.29,Afternoon
5.4,15,10.97,24,13.29,Afternoon
5.4,15,10.97,24,13.29,Night
5.4,15,10.97,24,13.29,Night
5.4,15,10.97,24,13.29,Night
5.4,15,10.97,24,13.29,Night
5.4,15,10.97,24,13.29,Night
5.4,15,10.97,24,13.29,Night
5.4,15,10.97,24,13.29,Night
5.4,15,10.97,24,13.29,Night
5.4,15,10.97,24,13.29,Night
5.4,15,10.97,24,13.29,Night
5.4,15,10.97,24,13.29,Night
5.4,15,10.97,24,13.29,Night
5.4,15,10.97,24,13.29,Night
5.4,15,10.97,24,13.29,Night
5.4,15,10.97,24,13.29,Night
5.4,15,10.97,24,13.29,Night
5.4,15,10.97,24,13.29,Night
5.4,15,10.97,24,13.29,Night
5.4,15,10.97,24,13.29,Night
5.5,16,11.48,27,12.98,Morning
5.5,16,11.48,27,12.98,Morning
5.5,16,11.48,27,12.98,Morning
5.5,16,11.48,27,12.98,Morning
5.5,16,11.48,27,12.98,Morning
5.5,16,11.48,27,12.98,Morning
5.5,16,11.48,27,12.98,Morning
5.5,16,11.48,27,12.98,Morning
5.5,16,11.48,27,12.98,Morning
5.5,16,11.48,27,12.98,Morning
5.5,16,11.48,27,12.98,Afternoon
5.5,16,11.48,27,12.98,Afternoon
5.5,16,11.48,27,12.98,Afternoon
5.5,16,11.48,27,12.98,Afternoon
5.5,16,11.48,27,12.98,Afternoon
5.5,16,11.48,27,12.98,Afternoon
5.5,16,11.48,27,12.98,Afternoon
5.5,16,11.48,27,12.98,Afternoon
5.5,16,11.48,27,12.98,Afternoon
5.5,16,11.48,27,12.98,Afternoon
5.5,16,11.48,27,12.98,Afternoon
5.5,16,11.48,27,12.98,Afternoon
6.2,18,11.48,27,12.98,Night
6.2,18,11.48,27,12.98,Night
6.2,18,11.48,27,12.98,Night
6.2,18,11.48,27,12.98,Night
6.2,18,11.48,27,12.98,Night
6.2,18,11.48,27,12.98,Night
6.2,18,11.48,27,12.98,Night
6.2,18,11.48,27,12.98,Night
6.2,18,11.48,27,12.98,Night
6.2,18,11.48,27,12.98,Night
6.2,18,11.48,27,12.98,Night
6.2,18,11.48,27,12.98,Night
6.2,18,11.48,27,12.98,Night
6.2,18,11.48,27,12.98,Night
6.2,18,11.48,27,12.98,Night
6.2,18,11.48,27,12.98,Night
6.2,18,11.48,27,12.98,Night
6.2,18,11.48,27,12.98,Night
6.2,18,11.48,27,12.98,Night
6.2,18,11.48,27,12.98,Night
6.2,18,11.48,27,12.98,Night
6.2,18,11.48,27,12.98,Night
6,18,11.48,27,12.98,Morning
6,18,11.48,27,12.98,Morning
6,18,11.48,27,12.98,Morning
6,18,11.48,27,12.98,Morning
6,18,11.48,27,12.98,Morning
6,18,11.48,27,12.98,Morning
6,18,11.48,27,12.98,Morning
6,18,11.48,27,12.98,Morning
6,18,11.48,27,12.98,Morning
6,18,11.48,27,12.98,Morning
6,18,11.48,27,12.98,Morning
6,18,11.48,27,12.98,Morning
6,18,11.48,27,12.98,Afternoon
6.1,18,11.48,27,12.98,Afternoon
6.1,18,11.48,27,12.98,Afternoon
6.1,18,11.48,27,12.98,Afternoon
6.1,18,11.48,27,12.98,Afternoon
6.1,18,11.48,27,12.98,Afternoon
6.1,18,11.48,27,12.98,Afternoon
5.9,18,11.48,27,12.98,Afternoon
5.9,18,11.48,27,12.98,Afternoon
5.9,18,11.48,27,12.98,Afternoon
5.9,18,11.48,27,12.98,Afternoon
5.9,18,11.48,27,12.98,Afternoon
5.9,18,11.48,27,12.98,Night
5.9,18,11.48,27,12.98,Night
5.9,18,11.48,27,12.98,Night
5.9,18,11.48,27,12.98,Night
5.9,18,11.48,27,12.98,Night
5.9,18,11.48,27,12.98,Night
5.9,18,11.48,27,12.98,Night
5.9,18,11.48,27,12.98,Night
6.2,18,11.48,27,12.98,Night
6.2,18,11.48,27,12.98,Night
6.2,18,11.48,27,12.98,Night
6.2,18,11.48,27,12.98,Night
6.2,18,11.48,27,12.98,Night
5.9,18,11.48,27,12.98,Night
5.9,18,11.48,27,12.98,Night
5.9,18,11.48,27,12.98,Night
5.9,18,11.48,27,12.98,Night
5.9,18,11.48,27,12.98,Night
6.5,18,11.48,27,12.98,Morning
6.5,18,11.48,27,12.98,Morning
6.3,18,11.48,27,12.98,Morning
6.3,18,11.48,27,12.98,Morning
6.3,18,11.48,27,12.98,Morning
6.3,18,11.48,27,12.98,Morning
6.1,18,11.48,27,12.98,Morning
6.1,18,11.48,27,12.98,Morning
6.1,18,11.48,27,12.98,Morning
6.1,18,11.48,27,12.98,Morning
6.1,18,11.48,27,12.98,Morning
6.1,18,11.48,27,12.98,Morning
6.1,18,11.48,27,12.98,Morning
6.1,18,11.48,27,12.98,Morning
6.1,18,11.48,27,12.98,Afternoon
6.1,18,11.48,27,12.98,Afternoon
6.1,18,11.48,27,12.98,Afternoon
6.1,18,11.48,27,12.98,Afternoon
6.1,18,11.48,27,12.98,Afternoon
6.1,18,11.48,27,12.98,Afternoon
6.1,18,11.48,27,12.98,Afternoon
6.1,18,11.48,27,12.98,Afternoon
6.1,18,11.48,27,12.98,Afternoon
6.1,18,11.48,27,12.98,Afternoon
6.1,18,11.48,27,12.98,Afternoon
5.9,18,11.48,27,12.98,Night
5.9,18,11.48,27,12.98,Night
5.9,18,11.48,27,12.98,Night
5.9,18,11.48,27,12.98,Night
5.9,18,11.48,27,12.98,Night
5.9,18,11.48,27,12.98,Night
5.9,18,11.48,27,12.98,Night
5.9,18,11.48,27,12.98,Night
5.9,18,11.48,27,12.98,Night
5.9,18,11.48,27,12.98,Night
5.9,18,11.48,27,12.98,Night
5.9,18,11.48,27,12.98,Night
6.2,18,11.48,27,12.98,Night
6.2,18,11.48,27,12.98,Night
6.2,18,11.48,27,12.98,Night
6.2,18,11.48,27,12.98,Night
6.2,18,11.48,27,12.98,Night
6.2,18,11.48,27,12.98,Night
6.2,18,11.48,27,12.98,Night
6.2,18,11.48,27,12.98,Night
6.2,18,11.48,27,12.98,Night
6.2,18,11.48,27,12.98,Night
6.2,18,11.48,27,12.98,Night
6.2,18,11.48,27,12.98,Night
6.7,22,11.48,27,12.98,Morning
6.7,22,11.48,27,12.98,Morning
6.7,22,11.48,27,12.98,Morning
6.7,22,11.48,27,12.98,Morning
6.7,22,11.48,27,12.98,Morning
6.7,22,11.48,27,12.98,Morning
6.7,22,11.48,27,12.98,Morning
6.7,22,11.48,27,12.98,Morning
6.5,22,11.48,27,12.98,Morning
6.5,22,11.48,27,12.98,Morning
6.5,22,11.48,27,12.98,Morning
6.5,22,11.48,27,12.98,Morning
6.5,22,11.48,27,12.98,Morning
6.5,22,11.48,27,12.98,Morning
6.2,22,11.48,27,12.98,Afternoon
6.2,22,11.48,27,12.98,Afternoon
6,22,11.48,27,12.98,Afternoon
6,22,11.48,27,12.98,Afternoon
5.8,22,11.48,27,12.98,Afternoon
5.8,22,11.48,27,12.98,Afternoon
6.2,22,11.48,27,12.98,Afternoon
6.5,22,11.48,27,12.98,Afternoon
6.5,22,11.48,27,12.98,Afternoon
6.5,22,11.48,27,12.98,Afternoon
6.5,22,11.48,27,12.98,Afternoon
6.4,16,11.48,27,12.98,Night
6.4,16,11.48,27,12.98,Night
6.4,16,11.48,27,12.98,Night
6.4,16,11.48,27,12.98,Night
6.4,16,11.48,27,12.98,Night
6.4,16,11.48,27,12.98,Night
6.4,16,11.48,27,12.98,Night
6.4,16,11.48,27,12.98,Night
6.4,16,11.48,27,12.98,Night
6.4,16,11.48,27,12.98,Night
6.4,16,11.48,27,12.98,Night
6.4,16,11.48,27,12.98,Night
6.4,16,11.48,27,12.98,Night
6.4,16,11.48,27,12.98,Night
6.4,16,11.48,27,12.98,Night
6.4,16,11.48,27,12.98,Night
6.4,16,11.48,27,12.98,Night
6.4,16,11.48,27,12.98,Night
6.4,16,11.48,27,12.98,Night
6.4,16,11.48,27,12.98,Night
6.4,16,11.48,27,12.98,Night
7.5,20,11.22,28,12.81,Morning
7.5,20,11.22,28,12.81,Morning
7.5,20,11.22,28,12.81,Morning
7.5,20,11.22,28,12.81,Morning
7.5,20,11.22,28,12.81,Morning
7.5,20,11.22,28,12.81,Morning
7.5,20,11.22,28,12.81,Morning
7.5,20,11.22,28,12.81,Morning
7.5,20,11.22,28,12.81,Morning
7.5,20,11.22,28,12.81,Morning
7.5,20,11.22,28,12.81,Morning
7.5,20,11.22,28,12.81,Morning
7.5,20,11.22,28,12.81,Afternoon
7.5,20,11.22,28,12.81,Afternoon
7.5,20,11.22,28,12.81,Afternoon
7.5,20,11.22,28,12.81,Afternoon
7.5,20,11.22,28,12.81,Afternoon
7.5,20,11.22,28,12.81,Afternoon
7.5,20,11.22,28,12.81,Afternoon
7.5,20,11.22,28,12.81,Afternoon
7.5,20,11.22,28,12.81,Afternoon
7.5,20,11.22,28,12.81,Afternoon
6.5,16,11.22,28,12.81,Night
6.5,16,11.22,28,12.81,Night
6.5,16,11.22,28,12.81,Night
6.5,16,11.22,28,12.81,Night
6.5,16,11.22,28,12.81,Night
6.5,16,11.22,28,12.81,Night
6.5,16,11.22,28,12.81,Night
6.5,16,11.22,28,12.81,Night
6.5,16,11.22,28,12.81,Night
6.5,16,11.22,28,12.81,Night
6.8,16,11.22,28,12.81,Night
6.8,16,11.22,28,12.81,Night
6.8,16,11.22,28,12.81,Night
6.8,16,11.22,28,12.81,Night
6.8,16,11.22,28,12.81,Night
6.8,16,11.22,28,12.81,Night
6.8,16,11.22,28,12.81,Night
6.8,16,11.22,28,12.81,Night
6.8,16,11.22,28,12.81,Night
6.8,16,11.22,28,12.81,Night
6.8,15,11.22,28,12.81,Morning
6.8,15,11.22,28,12.81,Morning
6.8,15,11.22,28,12.81,Morning
6.8,15,11.22,28,12.81,Morning
6.8,15,11.22,28,12.81,Morning
6.8,15,11.22,28,12.81,Morning
6.8,15,11.22,28,12.81,Morning
6.8,15,11.22,28,12.81,Morning
6.8,15,11.22,28,12.81,Morning
6.8,15,11.22,28,12.81,Morning
6.8,15,11.22,28,12.81,Morning
6.8,15,11.22,28,12.81,Morning
6.8,15,11.22,28,12.81,Afternoon
6.8,15,11.22,28,12.81,Afternoon
6.8,15,11.22,28,12.81,Afternoon
6.8,15,11.22,28,12.81,Afternoon
6.8,15,11.22,28,12.81,Afternoon
6.8,15,11.22,28,12.81,Afternoon
6.8,15,11.22,28,12.81,Afternoon
6.8,15,11.22,28,12.81,Afternoon
6.8,15,11.22,28,12.81,Afternoon
6.8,15,11.22,28,12.81,Afternoon
6.8,15,11.22,28,12.81,Afternoon
5.7,16,11.22,28,12.81,Night
5.7,16,11.22,28,12.81,Night
5.7,16,11.22,28,12.81,Night
5.7,16,11.22,28,12.81,Night
5.7,16,11.22,28,12.81,Night
5.7,16,11.22,28,12.81,Night
5.7,16,11.22,28,12.81,Night
5.7,16,11.22,28,12.81,Night
5.7,16,11.22,28,12.81,Night
5.7,16,11.22,28,12.81,Night
5.7,16,11.22,28,12.81,Night
5.7,16,11.22,28,12.81,Night
5.7,16,11.22,28,12.81,Night
5.7,16,11.22,28,12.81,Night
5.7,16,11.22,28,12.81,Night
5.7,16,11.22,28,12.81,Night
5.7,16,11.22,28,12.81,Night
5.7,16,11.22,28,12.81,Night
5.7,16,11.22,28,12.81,Night
5.7,16,11.22,28,12.81,Night
5.7,16,11.22,28,12.81,Night
5.7,16,11.22,28,12.81,Night
5.7,16,11.22,28,12.81,Morning
5.7,16,11.22,28,12.81,Morning
5.7,16,11.22,28,12.81,Morning
5.7,16,11.22,28,12.81,Morning
5.7,16,11.22,28,12.81,Morning
5.7,16,11.22,28,12.81,Morning
5.7,16,11.22,28,12.81,Morning
5.7,16,11.22,28,12.81,Morning
5.7,16,11.22,28,12.81,Morning
5.3,16,11.22,28,12.81,Morning
5.3,16,11.22,28,12.81,Morning
5.3,16,11.22,28,12.81,Morning
5.3,16,11.22,28,12.81,Morning
5.8,16,11.22,28,12.81,Afternoon
5.8,16,11.22,28,12.81,Afternoon
5.8,16,11.22,28,12.81,Afternoon
5.9,16,11.22,28,12.81,Afternoon
5.9,16,11.22,28,12.81,Afternoon
5.9,16,11.22,28,12.81,Afternoon
5.9,16,11.22,28,12.81,Afternoon
6,16,11.22,28,12.81,Afternoon
6,16,11.22,28,12.81,Afternoon
5.7,16,11.22,28,12.81,Afternoon
5.7,16,11.22,28,12.81,Afternoon
5.7,16,11.22,28,12.81,Afternoon
5.7,18,11.22,28,12.81,Night
5.7,18,11.22,28,12.81,Night
5.7,18,11.22,28,12.81,Night
5.7,18,11.22,28,12.81,Night
5.7,18,11.22,28,12.81,Night
5.7,18,11.22,28,12.81,Night
5.7,18,11.22,28,12.81,Night
5.7,18,11.22,28,12.81,Night
5.7,18,11.22,28,12.81,Night
5.7,18,11.22,28,12.81,Night
5.7,18,11.22,28,12.81,Night
5.7,18,11.22,28,12.81,Night
5.7,18,11.22,28,12.81,Night
5.7,18,11.22,28,12.81,Night
5.7,18,11.22,28,12.81,Night
5.7,18,11.22,28,12.81,Night
5.7,18,11.22,28,12.81,Night
5.7,18,11.22,28,12.81,Night
5.7,18,11.22,28,12.81,Night
5.7,18,11.22,28,12.81,Night
5.7,18,11.22,28,12.81,Night
5.7,18,11.22,28,12.81,Night
5.7,18,11.22,28,12.81,Night
5.7,18,11.22,28,12.81,Night
4.7,18,11.22,28,12.81,Morning
4.7,18,11.22,28,12.81,Morning
4.7,18,11.22,28,12.81,Morning
4.7,18,11.22,28,12.81,Morning
4.7,18,11.22,28,12.81,Morning
4.7,18,11.22,28,12.81,Morning
4.7,18,11.22,28,12.81,Morning
4.7,18,11.22,28,12.81,Morning
4.7,18,11.22,28,12.81,Morning
4.7,18,11.22,28,12.81,Morning
4.7,18,11.22,28,12.81,Morning
4.7,18,11.22,28,12.81,Afternoon
4.7,18,11.22,28,12.81,Afternoon
4.7,18,11.22,28,12.81,Afternoon
4.5,18,11.22,28,12.81,Afternoon
4.5,18,11.22,28,12.81,Afternoon
4.5,18,11.22,28,12.81,Afternoon
4.5,18,11.22,28,12.81,Afternoon
4.5,18,11.22,28,12.81,Afternoon
4.5,18,11.22,28,12.81,Afternoon
4.5,18,11.22,28,12.81,Afternoon
4.5,20,11.22,28,12.81,Night
4.5,20,11.22,28,12.81,Night
4.5,20,11.22,28,12.81,Night
4.5,20,11.22,28,12.81,Night
4.5,20,11.22,28,12.81,Night
4.5,20,11.22,28,12.81,Night
4.5,20,11.22,28,12.81,Night
4.5,20,11.22,28,12.81,Night
4.5,20,11.22,28,12.81,Night
4.5,20,11.22,28,12.81,Night
4.5,20,11.22,28,12.81,Night
4.5,20,11.22,28,12.81,Night
4.5,20,11.22,28,12.81,Night
4.5,20,11.22,28,12.81,Night
4.5,20,11.22,28,12.81,Night
4.5,20,11.22,28,12.81,Night
4.5,20,11.22,28,12.81,Night
4.5,20,11.22,28,12.81,Night
4.5,20,11.22,28,12.81,Night
4.5,20,11.22,28,12.81,Night
4.5,20,11.22,28,12.81,Night
4.5,19,11.22,28,12.81,Morning
4.5,19,11.22,28,12.81,Morning
4.5,19,11.22,28,12.81,Morning
4.5,19,11.22,28,12.81,Morning
4.5,19,11.22,28,12.81,Morning
4.5,19,11.22,28,12.81,Morning
4.5,19,11.22,28,12.81,Morning
4.5,19,11.22,28,12.81,Morning
4.5,19,11.22,28,12.81,Morning
4.5,19,11.22,28,12.81,Morning
4.5,19,11.22,28,12.81,Afternoon
4.5,19,11.22,28,12.81,Afternoon
4.5,19,11.22,28,12.81,Afternoon
4.5,19,11.22,28,12.81,Afternoon
4.3,19,11.22,28,12.81,Afternoon
4.3,19,11.22,28,12.81,Afternoon
4.3,19,11.22,28,12.81,Afternoon
4.3,19,11.22,28,12.81,Afternoon
4.3,19,11.22,28,12.81,Afternoon
4.7,17,11,28,12.41,Afternoon
4.7,17,11,28,12.41,Afternoon
4.7,17,11,28,12.41,Afternoon
4.7,17,11,28,12.41,Morning
4.7,17,11,28,12.41,Morning
4.7,17,11,28,12.41,Morning
4.7,17,11,28,12.41,Morning
4.5,17,11,28,12.41,Morning
4.5,17,11,28,12.41,Morning
4.5,17,11,28,12.41,Morning
4.5,17,11,28,12.41,Morning
4.5,17,11,28,12.41,Afternoon
4.2,17,11,28,12.41,Afternoon
4.2,17,11,28,12.41,Afternoon
4.2,17,11,28,12.41,Afternoon
4,17,11,28,12.41,Afternoon
4,17,11,28,12.41,Afternoon
4,17,11,28,12.41,Afternoon
4,17,11,28,12.41,Afternoon
4,17,11,28,12.41,Afternoon
4,17,11,28,12.41,Afternoon
4,14,10.51,25,12.86,Afternoon
4,14,10.51,25,12.86,Afternoon
4,14,10.51,25,12.86,Morning
4,14,10.51,25,12.86,Morning
4,15,10.51,25,12.86,Morning
4,15,10.51,25,12.86,Morning
4,15,10.51,25,12.86,Morning
4,14,10.51,25,12.86,Morning
4,13,10.51,25,12.86,Morning
4,13,10.51,25,12.86,Morning
4,12,10.51,25,12.86,Afternoon
4,12,10.51,25,12.86,Afternoon
4,12,10.51,25,12.86,Afternoon
4,12,10.51,25,12.86,Afternoon
4,12,10.51,25,12.86,Afternoon
4,12,10.51,25,12.86,Afternoon
4,12,10.51,25,12.86,Afternoon
4,12,10.51,25,12.86,Afternoon
4,12,10.51,25,12.86,Afternoon
4,12,10.51,25,12.86,Morning
4,12,10.51,25,12.86,Morning
4,12,10.51,25,12.86,Morning
3.8,12,10.51,25,12.86,Morning
3.8,12,10.51,25,12.86,Morning
3.8,12,10.51,25,12.86,Morning
3.8,12,10.51,25,12.86,Morning
3.5,12,10.51,25,12.86,Morning
3.5,12,10.51,25,12.86,Morning
3.5,12,10.51,25,12.86,Afternoon
3.3,10,10.51,25,12.86,Afternoon
3.3,10,10.51,25,12.86,Afternoon
3.3,10,10.51,25,12.86,Afternoon
3.3,10,10.51,25,12.86,Afternoon
3.3,10,10.51,25,12.86,Afternoon
3.6,10,10.51,25,12.86,Afternoon
3.6,10,10.51,25,12.86,Afternoon
3.6,10,10.51,25,12.86,Afternoon
3.6,10,10.51,25,12.86,Afternoon
3.6,10,10.51,25,12.86,Afternoon
3.6,10,10.51,25,12.86,Afternoon
3.8,10,10.51,25,12.86,Night
3.8,10,10.51,25,12.86,Night
3.8,10,10.51,25,12.86,Night
3.8,10,10.51,25,12.86,Night
3.8,10,10.51,25,12.86,Night
3.8,10,10.51,25,12.86,Night
3.8,10,10.51,25,12.86,Night
3.8,10,10.51,25,12.86,Night
3.8,10,10.51,25,12.86,Night
3.8,10,10.51,25,12.86,Night
3.8,10,10.51,25,12.86,Night
3.8,10,10.51,25,12.86,Night
3.8,10,10.51,25,12.86,Night
3.8,10,10.51,25,12.86,Night
3.8,10,10.51,25,12.86,Night
3.8,10,10.51,25,12.86,Night
3.8,10,10.51,25,12.86,Night
3.8,10,10.51,25,12.86,Night
3.8,10,10.51,25,12.86,Night
3.8,9,10.51,25,12.86,Morning
3.8,9,10.51,25,12.86,Morning
3.8,9,10.51,25,12.86,Morning
4,9,10.51,25,12.86,Morning
4,9,10.51,25,12.86,Morning
4,9,10.51,25,12.86,Morning
4,9,10.51,25,12.86,Morning
4,9,10.51,25,12.86,Morning
4,9,10.51,25,12.86,Morning
4,9,10.51,25,12.86,Morning
4,9,10.51,25,12.86,Afternoon
4,9,10.51,25,12.86,Afternoon
4,9,10.51,25,12.86,Afternoon
4,9,10.51,25,12.86,Afternoon
4,9,10.51,25,12.86,Afternoon
4,9,10.51,25,12.86,Afternoon
4,9,10.51,25,12.86,Afternoon
3.8,11,10.51,25,12.86,Morning
3.8,11,10.51,25,12.86,Morning
3.8,11,10.51,25,12.86,Morning
3.8,11,10.51,25,12.86,Morning
3.5,12,10.51,25,12.86,Morning
3.5,12,10.51,25,12.86,Morning
3.5,12,10.51,25,12.86,Morning
3.5,12,10.51,25,12.86,Morning
3.5,12,10.51,25,12.86,Morning
3.5,12,10.51,25,12.86,Morning
3.5,12,10.51,25,12.86,Afternoon
3.5,12,10.51,25,12.86,Afternoon
3.5,12,10.51,25,12.86,Afternoon
3.5,12,10.51,25,12.86,Afternoon
3.5,12,10.51,25,12.86,Afternoon
3.5,12,10.51,25,12.86,Afternoon
3.5,12,10.51,25,12.86,Afternoon
3.5,12,10.51,25,12.86,Afternoon
3.5,12,10.51,25,12.86,Afternoon
3.5,12,10.51,25,12.86,Afternoon
3.5,12,10.51,25,12.86,Afternoon
3.5,12,10.51,25,12.86,Afternoon
3.5,12,10.51,25,12.86,Afternoon
3.5,12,10.51,25,12.86,Afternoon
3.5,12,10.51,25,12.86,Night
3.5,12,10.51,25,12.86,Night
3.5,12,10.51,25,12.86,Night
3.5,12,10.51,25,12.86,Night
3.5,12,10.51,25,12.86,Night
3.5,12,10.51,25,12.86,Night
3.5,12,10.51,25,12.86,Night
3.5,12,10.51,25,12.86,Night
3.5,12,10.51,25,12.86,Night
3.5,12,10.51,25,12.86,Night
3.5,12,10.51,25,12.86,Night
3.5,12,10.51,25,12.86,Night
3.5,12,10.51,25,12.86,Night
3.5,12,10.51,25,12.86,Night
3.5,12,10.51,25,12.86,Night
3.5,12,10.51,25,12.86,Night
3.5,12,10.51,25,12.86,Night
3.5,12,10.51,25,12.86,Night
3.5,12,10.51,25,12.86,Night
3.5,12,10.51,25,12.86,Night
3.5,12,10.51,25,12.86,Night
3.5,12,10.51,25,12.86,Night
3.5,12,10.51,25,12.86,Night
3.5,12,10.51,25,12.86,Night
3.5,12,10.51,25,12.86,Night
3.5,11,10.51,25,12.86,Morning
3.5,11,10.51,25,12.86,Morning
3.5,11,10.51,25,12.86,Morning
3.5,11,10.51,25,12.86,Morning
3.5,11,10.51,25,12.86,Morning
3.5,12,10.51,25,12.86,Morning
3.5,12,10.51,25,12.86,Morning
3.5,12,10.51,25,12.86,Morning
3.5,12,10.51,25,12.86,Morning
3.5,12,10.51,25,12.86,Morning
3.5,12,10.51,25,12.86,Morning
3.5,12,10.51,25,12.86,Morning
3.5,12,10.51,25,12.86,Morning
3.5,12,10.51,25,12.86,Morning
3.5,12,10.51,25,12.86,Morning
3.5,12,10.51,25,12.86,Afternoon
3.5,12,10.51,25,12.86,Afternoon
3.5,12,10.51,25,12.86,Afternoon
3.5,12,10.51,25,12.86,Afternoon
3.5,12,10.51,25,12.86,Afternoon
3.5,12,10.51,25,12.86,Afternoon
3.5,12,10.51,25,12.86,Afternoon
3.5,12,10.51,25,12.86,Afternoon
3.5,12,10.51,25,12.86,Afternoon
3.5,12,10.51,25,12.86,Afternoon
3.5,12,10.51,25,12.86,Afternoon
3.5,12,10.51,25,12.86,Afternoon
3.5,12,10.51,25,12.86,Afternoon
3.5,12,10.51,25,12.86,Afternoon
3.3,10,10.51,25,12.86,Night
3.3,10,10.51,25,12.86,Night
3.3,10,10.51,25,12.86,Night
3.3,10,10.51,25,12.86,Night
3.6,10,10.51,25,12.86,Night
3.6,10,10.51,25,12.86,Night
3.6,10,10.51,25,12.86,Night
3.6,10,10.51,25,12.86,Night
3.6,10,10.51,25,12.86,Night
3.6,10,10.51,25,12.86,Night
3.6,10,10.51,25,12.86,Night
4,10,10.51,25,12.86,Night
4,10,10.51,25,12.86,Night
4,10,10.51,25,12.86,Night
4,10,10.51,25,12.86,Night
4,10,10.51,25,12.86,Night
4,10,10.51,25,12.86,Night
4.5,10,10.51,25,12.86,Night
4.5,10,10.51,25,12.86,Night
4.5,10,10.51,25,12.86,Night
4.5,10,10.51,25,12.86,Night
4.5,10,10.51,25,12.86,Night
4.5,10,10.51,25,12.86,Night
4.5,10,10.51,25,12.86,Night
4.5,12,11.07,25,12.71,Morning
4.5,12,11.07,25,12.71,Morning
4.5,12,11.07,25,12.71,Morning
4.5,12,11.07,25,12.71,Morning
4.5,12,11.07,25,12.71,Morning
4.5,12,11.07,25,12.71,Morning
4.5,12,11.07,25,12.71,Morning
4.5,12,11.07,25,12.71,Morning
4.5,12,11.07,25,12.71,Morning
4.5,12,11.07,25,12.71,Morning
4.5,12,11.07,25,12.71,Morning
4.3,12,11.07,25,12.71,Morning
4.3,12,11.07,25,12.71,Morning
4.4,12,11.07,25,12.71,Morning
4.4,12,11.07,25,12.71,Afternoon
4.4,12,11.07,25,12.71,Afternoon
4.4,12,11.07,25,12.71,Afternoon
4.6,12,11.07,25,12.71,Afternoon
4.6,12,11.07,25,12.71,Afternoon
4.6,12,11.07,25,12.71,Afternoon
4.6,12,11.07,25,12.71,Afternoon
4.6,12,11.07,25,12.71,Afternoon
4.6,12,11.07,25,12.71,Afternoon
4.8,12,11.07,25,12.71,Afternoon
4.8,12,11.07,25,12.71,Afternoon
4.8,12,11.07,25,12.71,Afternoon
4.8,12,11.07,25,12.71,Afternoon
4.5,12,11.07,25,12.71,Night
4.5,12,11.07,25,12.71,Night
4.5,12,11.07,25,12.71,Night
4.5,12,11.07,25,12.71,Night
4.5,12,11.07,25,12.71,Night
4.5,12,11.07,25,12.71,Night
4.5,12,11.07,25,12.71,Night
4.5,12,11.07,25,12.71,Night
4.5,12,11.07,25,12.71,Night
4.5,12,11.07,25,12.71,Night
4.5,12,11.07,25,12.71,Night
4.5,12,11.07,25,12.71,Night
4.5,12,11.07,25,12.71,Night
4.5,12,11.07,25,12.71,Night
4.5,12,11.07,25,12.71,Night
4.5,12,11.07,25,12.71,Night
4.5,12,11.07,25,12.71,Night
4.5,12,11.07,25,12.71,Night
4.5,12,11.07,25,12.71,Night
4.5,12,11.07,25,12.71,Night
4.5,12,11.07,25,12.71,Night
4.5,12,11.07,25,12.71,Night
4.5,12,11.07,25,12.71,Night
4.5,12,11.07,25,12.71,Night
4.5,12,11.07,25,12.71,Night
4.5,12,11.07,25,12.71,Night
4.5,12,11.07,25,12.71,Night
4.5,12,11.07,25,12.71,Night
5.5,12,11.16,25,12.61,Morning
5.5,12,11.16,25,12.61,Morning
5.5,12,11.16,25,12.61,Morning
5.5,12,11.16,25,12.61,Morning
5.5,12,11.16,25,12.61,Morning
5.5,12,11.16,25,12.61,Morning
5.5,12,11.16,25,12.61,Morning
5.5,12,11.16,25,12.61,Morning
5.8,12,11.16,25,12.61,Morning
5.8,12,11.16,25,12.61,Morning
5.8,12,11.16,25,12.61,Morning
5.8,12,11.16,25,12.61,Morning
5.8,12,11.16,25,12.61,Morning
5.8,12,11.16,25,12.61,Morning
5.8,12,11.16,25,12.61,Afternoon
5.8,12,11.16,25,12.61,Afternoon
5.8,12,11.16,25,12.61,Afternoon
5.8,12,11.16,25,12.61,Afternoon
5.8,12,11.16,25,12.61,Afternoon
5.8,12,11.16,25,12.61,Afternoon
5.8,13,11.16,25,12.61,Afternoon
5.8,13,11.16,25,12.61,Afternoon
5.8,13,11.16,25,12.61,Afternoon
5.8,13,11.16,25,12.61,Afternoon
5.8,13,11.16,25,12.61,Afternoon
5.8,13,11.16,25,12.61,Afternoon
5.8,13,11.16,25,12.61,Afternoon
5.5,14,11.16,25,12.61,Afternoon
5.5,14,11.16,25,12.61,Afternoon
5.5,14,11.16,25,12.61,Afternoon
5.5,14,11.16,25,12.61,Afternoon
5.5,14,11.16,25,12.61,Morning
5.5,14,11.16,25,12.61,Morning
5.5,14,11.16,25,12.61,Morning
5.5,14,11.16,25,12.61,Morning
5.5,14,11.16,25,12.61,Morning
5.5,14,11.16,25,12.61,Morning
5.5,14,11.16,25,12.61,Morning
5.5,14,11.16,25,12.61,Morning
5.5,14,11.16,25,12.61,Morning
5.5,14,11.16,25,12.61,Morning
5.5,14,11.16,25,12.61,Afternoon
5.5,14,11.16,25,12.61,Afternoon
5.5,14,11.16,25,12.61,Afternoon
5.5,14,11.16,25,12.61,Afternoon
5.5,14,11.16,25,12.61,Afternoon
5.5,14,11.16,25,12.61,Afternoon
5.5,14,11.16,25,12.61,Afternoon
5.5,14,11.16,25,12.61,Afternoon
5.5,14,11.16,25,12.61,Afternoon
5.5,14,11.16,25,12.61,Afternoon
5.5,14,11.16,25,12.61,Afternoon
5.5,14,11.16,25,12.61,Afternoon
5.5,14,11.16,25,12.61,Afternoon
5.5,14,11.16,25,12.61,Afternoon
4.7,12,11.16,25,12.61,Afternoon
4.7,12,11.16,25,12.61,Morning
4.7,12,11.16,25,12.61,Morning
4.7,12,11.16,25,12.61,Morning
4.7,12,11.16,25,12.61,Morning
4.7,12,11.16,25,12.61,Morning
4.7,12,11.16,25,12.61,Morning
4.7,12,11.16,25,12.61,Morning
4.7,12,11.16,25,12.61,Morning
4.7,12,11.16,25,12.61,Morning
4.7,12,11.16,25,12.61,Morning
4.7,12,11.16,25,12.61,Morning
4.8,12,11.16,25,12.61,Morning
4.8,12,11.16,25,12.61,Morning
4.8,12,11.16,25,12.61,Afternoon
4.8,12,11.16,25,12.61,Afternoon
4.8,12,11.16,25,12.61,Afternoon
4.8,12,11.16,25,12.61,Afternoon
4.8,12,11.16,25,12.61,Afternoon
4.8,12,11.16,25,12.61,Afternoon
4.8,12,11.16,25,12.61,Afternoon
4.9,12,11.16,25,12.61,Afternoon
4.9,12,11.16,25,12.61,Afternoon
4.9,12,11.16,25,12.61,Afternoon
4.9,12,11.16,25,12.61,Afternoon
4.9,12,11.16,25,12.61,Afternoon
4.9,12,11.16,25,12.61,Afternoon
4.9,12,11.16,25,12.61,Night
4.9,12,11.16,25,12.61,Night
4.9,12,11.16,25,12.61,Night
4.9,12,11.16,25,12.61,Night
4.9,12,11.16,25,12.61,Night
4.9,12,11.16,25,12.61,Night
4.9,12,11.16,25,12.61,Night
4.9,12,11.16,25,12.61,Night
4.9,12,11.16,25,12.61,Night
4.9,12,11.16,25,12.61,Night
4.9,12,11.16,25,12.61,Night
4.9,12,11.16,25,12.61,Night
4.9,12,11.16,25,12.61,Night
4.9,12,11.16,25,12.61,Night
4.9,12,11.16,25,12.61,Night
4.9,12,11.16,25,12.61,Night
4.9,12,11.16,25,12.61,Night
4.9,12,11.16,25,12.61,Night
4.9,12,11.16,25,12.61,Night
4.9,12,11.16,25,12.61,Night
4.9,12,11.16,25,12.61,Night
4.9,12,11.16,25,12.61,Night
4.9,12,11.16,25,12.61,Night
4.9,12,11.16,25,12.61,Night
4.9,12,11.16,25,12.61,Night
4.9,12,11.16,25,12.61,Night
4.9,12,11.16,25,12.61,Night
5.5,12,11.08,27,12.73,Morning
5.5,12,11.08,27,12.73,Morning
5.5,12,11.08,27,12.73,Morning
5.5,12,11.08,27,12.73,Morning
5.5,12,11.08,27,12.73,Morning
5.5,12,11.08,27,12.73,Morning
5.5,12,11.08,27,12.73,Morning
5.5,12,11.08,27,12.73,Morning
5.5,12,11.08,27,12.73,Morning
5.5,12,11.08,27,12.73,Morning
5.5,12,11.08,27,12.73,Morning
5.5,12,11.08,27,12.73,Morning
5.5,12,11.08,27,12.73,Morning
5.5,12,11.08,27,12.73,Morning
5.5,12,11.08,27,12.73,Afternoon
5.5,12,11.08,27,12.73,Afternoon
5.5,12,11.08,27,12.73,Afternoon
5.5,12,11.08,27,12.73,Afternoon
5.5,12,11.08,27,12.73,Afternoon
5.5,12,11.08,27,12.73,Afternoon
5.5,12,11.08,27,12.73,Afternoon
5.5,12,11.08,27,12.73,Afternoon
4.6,13,10.66,25,12.93,Afternoon
4.6,13,10.66,25,12.93,Afternoon
4.6,13,10.66,25,12.93,Afternoon
4.6,13,10.66,25,12.93,Morning
4.6,13,10.66,25,12.93,Morning
4.6,13,10.66,25,12.93,Morning
4.6,13,10.66,25,12.93,Morning
4.6,13,10.66,25,12.93,Morning
4.6,13,10.66,25,12.93,Morning
4.6,13,10.66,25,12.93,Morning
4.6,13,10.66,25,12.93,Morning
4.6,13,10.66,25,12.93,Morning
4.6,13,10.66,25,12.93,Morning
4.6,13,10.66,25,12.93,Morning
4.6,13,10.66,25,12.93,Morning
4.6,13,10.66,25,12.93,Afternoon
4.6,13,10.66,25,12.93,Afternoon
4.6,13,10.66,25,12.93,Afternoon
4.6,13,10.66,25,12.93,Afternoon
4.6,13,10.66,25,12.93,Afternoon
4.6,13,10.66,25,12.93,Afternoon
4.6,13,10.66,25,12.93,Afternoon
4.6,13,10.66,25,12.93,Afternoon
4.6,13,10.66,25,12.93,Afternoon
4.6,13,10.66,25,12.93,Afternoon
4.6,13,10.66,25,12.93,Afternoon
5.3,14,11.12,26,12.89,Night
5.3,14,11.12,26,12.89,Night
5.3,14,11.12,26,12.89,Night
5.3,14,11.12,26,12.89,Night
5.3,14,11.12,26,12.89,Night
5.3,14,11.12,26,12.89,Night
5.3,14,11.12,26,12.89,Night
5.3,14,11.12,26,12.89,Night
5.5,14,11.12,26,12.89,Night
5.5,14,11.12,26,12.89,Night
5.5,14,11.12,26,12.89,Night
5.5,14,11.12,26,12.89,Night
5.5,14,11.12,26,12.89,Night
5.5,14,11.12,26,12.89,Night
5.5,14,11.12,26,12.89,Night
5.5,14,11.12,26,12.89,Night
5.5,14,11.12,26,12.89,Night
5.5,14,11.12,26,12.89,Night
5.5,14,11.12,26,12.89,Night
5.5,14,11.12,26,12.89,Night
5.5,14,11.12,26,12.89,Night
6.3,14,11.12,26,12.89,Night
6.3,14,11.12,26,12.89,Night
6.3,14,11.12,26,12.89,Night
6.3,14,11.12,26,12.89,Night
6.3,14,11.12,26,12.89,Night
6.3,14,11.12,26,12.89,Night
6.3,14,11.12,26,12.89,Night
5.3,14,11.12,26,12.89,Morning
5.3,14,11.12,26,12.89,Morning
5.3,14,11.12,26,12.89,Morning
5.3,14,11.12,26,12.89,Morning
5.3,14,11.12,26,12.89,Morning
5.3,14,11.12,26,12.89,Morning
5.3,14,11.12,26,12.89,Morning
5.3,14,11.12,26,12.89,Morning
5.3,14,11.12,26,12.89,Morning
5.3,14,11.12,26,12.89,Morning
5.3,14,11.12,26,12.89,Morning
5.3,14,11.12,26,12.89,Morning
5.3,14,11.12,26,12.89,Morning
5.3,14,11.12,26,12.89,Morning
5.3,14,11.12,26,12.89,Afternoon
5.3,14,11.12,26,12.89,Afternoon
5.3,14,11.12,26,12.89,Afternoon
5.3,14,11.12,26,12.89,Afternoon
5.3,14,11.12,26,12.89,Afternoon
5.3,14,11.12,26,12.89,Afternoon
5.3,14,11.12,26,12.89,Afternoon
5.3,14,11.12,26,12.89,Afternoon
5.3,14,11.12,26,12.89,Afternoon
5.3,14,11.12,26,12.89,Afternoon
5.3,14,11.12,26,12.89,Afternoon
5.3,14,11.12,26,12.89,Afternoon
5.3,14,11.12,26,12.89,Afternoon
5.3,14,11.12,26,12.89,Afternoon
5.8,12,11.12,26,12.89,Night
5.8,12,11.12,26,12.89,Night
5.8,12,11.12,26,12.89,Night
5.8,12,11.12,26,12.89,Night
5.8,12,11.12,26,12.89,Night
5.8,12,11.12,26,12.89,Night
5.8,12,11.12,26,12.89,Night
5.5,14,11.12,26,12.89,Morning
5.5,14,11.12,26,12.89,Morning
5.5,14,11.12,26,12.89,Morning
5.5,14,11.12,26,12.89,Morning
5.5,14,11.12,26,12.89,Morning
5.5,14,11.12,26,12.89,Morning
5.5,14,11.12,26,12.89,Morning
5.5,14,11.12,26,12.89,Morning
5.5,14,11.12,26,12.89,Morning
5.5,14,11.12,26,12.89,Morning
5.5,14,11.12,26,12.89,Morning
5.5,14,11.12,26,12.89,Morning
5.5,14,11.12,26,12.89,Afternoon
5.5,14,11.12,26,12.89,Afternoon
5.5,14,11.12,26,12.89,Afternoon
5.5,14,11.12,26,12.89,Afternoon
5.5,14,11.12,26,12.89,Afternoon
5.5,14,11.12,26,12.89,Afternoon
5.5,14,11.12,26,12.89,Afternoon
5.5,14,11.12,26,12.89,Afternoon
5.5,14,11.12,26,12.89,Afternoon
5.5,14,11.12,26,12.89,Afternoon
6.4,14,11.12,26,12.89,Night
6.4,14,11.12,26,12.89,Night
6.4,14,11.12,26,12.89,Night
6.4,14,11.12,26,12.89,Night
6.4,14,11.12,26,12.89,Night
6.4,14,11.12,26,12.89,Night
6.4,14,11.12,26,12.89,Night
6.3,14,11.12,26,12.89,Morning
6.3,14,11.12,26,12.89,Morning
6.3,14,11.12,26,12.89,Morning
6.3,14,11.12,26,12.89,Morning
6.3,14,11.12,26,12.89,Morning
6.3,14,11.12,26,12.89,Morning
6.3,14,11.12,26,12.89,Morning
6.3,14,11.12,26,12.89,Morning
6.3,14,11.12,26,12.89,Morning
6.5,14,11.12,26,12.89,Morning
6.5,14,11.12,26,12.89,Morning
6.5,14,11.12,26,12.89,Morning
6.5,14,11.12,26,12.89,Afternoon
6.5,14,11.12,26,12.89,Afternoon
6.5,14,11.12,26,12.89,Afternoon
6.1,14,11.12,26,12.89,Afternoon
6.1,14,11.12,26,12.89,Afternoon
6.1,14,11.12,26,12.89,Afternoon
6.1,14,11.12,26,12.89,Afternoon
6.1,14,11.12,26,12.89,Afternoon
6.1,14,11.12,26,12.89,Afternoon
6.1,14,11.12,26,12.89,Afternoon
6.1,14,11.12,26,12.89,Afternoon
6.1,14,11.12,26,12.89,Afternoon
6.1,14,11.12,26,12.89,Afternoon
6.5,14,11.12,26,12.89,Night
6.5,14,11.12,26,12.89,Night
6.5,14,11.12,26,12.89,Night
6.5,14,11.12,26,12.89,Night
6.5,14,11.12,26,12.89,Night
6.5,14,11.12,26,12.89,Night
6.5,15,11.12,26,12.89,Night
6.8,15,11.12,26,12.89,Night
6.8,15,11.12,26,12.89,Night
6.8,15,11.12,26,12.89,Night
6.8,15,11.12,26,12.89,Night
6.8,15,11.12,26,12.89,Night
6.8,15,11.12,26,12.89,Night
6.8,15,11.12,26,12.89,Night
6.8,15,11.12,26,12.89,Night
6.8,15,11.12,26,12.89,Night
6.8,15,11.12,26,12.89,Night
7,15,11.12,26,12.89,Night
7,15,11.12,26,12.89,Night
7,15,11.12,26,12.89,Night
7.3,14,11.12,26,12.89,Morning
7.3,14,11.12,26,12.89,Morning
7.3,14,11.12,26,12.89,Morning
7.3,14,11.12,26,12.89,Morning
7,14,11.12,26,12.89,Morning
7,14,11.12,26,12.89,Morning
7,14,11.12,26,12.89,Morning
7,14,11.12,26,12.89,Morning
7,14,11.12,26,12.89,Morning
7,14,11.12,26,12.89,Morning
7,14,11.12,26,12.89,Morning
7,14,11.12,26,12.89,Afternoon
7,14,11.12,26,12.89,Afternoon
6.6,14,11.12,26,12.89,Afternoon
6.6,14,11.12,26,12.89,Afternoon
6.6,14,11.12,26,12.89,Afternoon
6.6,14,11.12,26,12.89,Afternoon
6.6,14,11.12,26,12.89,Afternoon
6.6,14,11.12,26,12.89,Afternoon
6.2,14,11.12,26,12.89,Afternoon
6.2,14,11.12,26,12.89,Afternoon
6.2,14,11.12,26,12.89,Afternoon
6.2,14,11.12,26,12.89,Afternoon
6.2,14,11.12,26,12.89,Afternoon
6.2,14,11.12,26,12.89,Afternoon
6.2,14,11.12,26,12.89,Afternoon
6.2,15,11.12,26,12.89,Night
6.2,15,11.12,26,12.89,Night
6.2,15,11.12,26,12.89,Night
6.5,15,11.12,26,12.89,Night
6.5,15,11.12,26,12.89,Night
6.5,15,11.12,26,12.89,Night
6.5,15,11.12,26,12.89,Night
6.5,15,11.12,26,12.89,Night
6.8,15,11.12,26,12.89,Night
6.8,15,11.12,26,12.89,Night
6.8,15,11.12,26,12.89,Night
6.8,15,11.12,26,12.89,Night
6.8,15,11.12,26,12.89,Night
6.8,15,11.12,26,12.89,Night
6.8,15,11.12,26,12.89,Night
6.8,15,11.12,26,12.89,Night
6.8,15,11.12,26,12.89,Night
6.8,15,11.12,26,12.89,Night
6.8,15,11.12,26,12.89,Night
6.8,15,11.12,26,12.89,Night
6.8,15,11.12,26,12.89,Night
6.8,15,11.12,26,12.89,Night
6.8,15,11.12,26,12.89,Night
6.8,15,11.12,26,12.89,Night
6.8,15,11.12,26,12.89,Night
6.8,15,11.12,26,12.89,Night
6.7,16,11.12,26,12.89,Morning
6.7,16,11.12,26,12.89,Morning
6.7,16,11.12,26,12.89,Morning
6.7,16,11.12,26,12.89,Morning
6.7,16,11.12,26,12.89,Morning
6.7,16,11.12,26,12.89,Morning
6.7,16,11.12,26,12.89,Morning
6.7,16,11.12,26,12.89,Morning
6.7,16,11.12,26,12.89,Morning
6.7,16,11.12,26,12.89,Morning
6.7,16,11.12,26,12.89,Morning
6.7,16,11.12,26,12.89,Morning
6.7,16,11.12,26,12.89,Morning
6.7,16,11.12,26,12.89,Morning
6.7,16,11.12,26,12.89,Afternoon
6.7,16,11.12,26,12.89,Afternoon
6.7,16,11.12,26,12.89,Afternoon
6.7,16,11.12,26,12.89,Afternoon
6.7,16,11.12,26,12.89,Afternoon
6.7,16,11.12,26,12.89,Afternoon
6.7,16,11.12,26,12.89,Afternoon
6.7,16,11.12,26,12.89,Afternoon
6.7,16,11.12,26,12.89,Afternoon
6.7,16,11.12,26,12.89,Afternoon
6.7,16,11.12,26,12.89,Afternoon
6.7,16,11.12,26,12.89,Afternoon
6.2,15,11.12,26,12.89,Night
6.2,15,11.12,26,12.89,Night
6.2,15,11.12,26,12.89,Night
6.2,15,11.12,26,12.89,Night
6.2,15,11.12,26,12.89,Night
6.2,15,11.12,26,12.89,Night
6.2,15,11.12,26,12.89,Night
6.5,15,11.12,26,12.89,Night
6.5,15,11.12,26,12.89,Night
6.5,15,11.12,26,12.89,Night
6.5,15,11.12,26,12.89,Night
6.8,15,11.12,26,12.89,Night
6.8,15,11.12,26,12.89,Night
6.8,15,11.12,26,12.89,Night
6.8,15,11.12,26,12.89,Night
6.8,15,11.12,26,12.89,Night
7,15,11.12,26,12.89,Night
7,15,11.12,26,12.89,Night
7,15,11.12,26,12.89,Night
7,15,11.12,26,12.89,Night
7.2,15,11.12,26,12.89,Night
7,14,10.52,24,12.3,Morning
7,14,10.52,24,12.3,Morning
7,14,10.52,24,12.3,Morning
7,14,10.52,24,12.3,Morning
7,14,10.52,24,12.3,Morning
7,14,10.52,24,12.3,Morning
7,14,10.52,24,12.3,Morning
7,14,10.52,24,12.3,Morning
7,14,10.52,24,12.3,Morning
7,14,10.52,24,12.3,Morning
6.7,14,10.52,24,12.3,Morning
6.7,14,10.52,24,12.3,Morning
6.7,14,10.52,24,12.3,Morning
6.5,14,10.52,24,12.3,Morning
6.5,14,10.52,24,12.3,Afternoon
6,14,10.52,24,12.3,Afternoon
6,14,10.52,24,12.3,Afternoon
6,14,10.52,24,12.3,Afternoon
6,14,10.52,24,12.3,Afternoon
6,14,10.52,24,12.3,Afternoon
6,14,10.52,24,12.3,Afternoon
6,14,10.52,24,12.3,Afternoon
6,14,10.52,24,12.3,Afternoon
6,14,10.52,24,12.3,Afternoon
6,14,10.52,24,12.3,Afternoon
6,14,10.52,24,12.3,Night
6,14,10.52,24,12.3,Night
6,14,10.52,24,12.3,Night
6,14,10.52,24,12.3,Night
6,14,10.52,24,12.3,Night
6,14,10.52,24,12.3,Night
6,14,10.52,24,12.3,Night
6,14,10.52,24,12.3,Night
6,14,10.52,24,12.3,Night
6,14,10.52,24,12.3,Night
6,14,10.52,24,12.3,Night
6,14,10.52,24,12.3,Night
6,14,10.52,24,12.3,Night
6,14,10.52,24,12.3,Night
6,14,10.52,24,12.3,Night
6,14,10.52,24,12.3,Night
6,14,10.52,24,12.3,Night
6,14,10.52,24,12.3,Night
6,14,10.52,24,12.3,Night
6,14,10.52,24,12.3,Night
6,14,10.52,24,12.3,Night
6,14,10.52,24,12.3,Night
6.5,14,10.52,24,12.3,Morning
6.5,14,10.52,24,12.3,Morning
6.5,14,10.52,24,12.3,Morning
6.5,14,10.52,24,12.3,Morning
6.5,14,10.52,24,12.3,Morning
6.5,14,10.52,24,12.3,Morning
6.5,14,10.52,24,12.3,Morning
6.5,14,10.52,24,12.3,Morning
6.5,14,10.52,24,12.3,Morning
6.5,14,10.52,24,12.3,Morning
6.5,14,10.52,24,12.3,Morning
6.5,14,10.52,24,12.3,Morning
6.5,14,10.52,24,12.3,Morning
6.5,14,10.52,24,12.3,Morning
6.5,14,10.52,24,12.3,Afternoon
6.5,14,10.52,24,12.3,Afternoon
6.5,14,10.52,24,12.3,Afternoon
6.5,14,10.52,24,12.3,Afternoon
6.5,14,10.52,24,12.3,Afternoon
6.5,14,10.52,24,12.3,Afternoon
6.5,14,10.52,24,12.3,Afternoon
6.5,14,10.52,24,12.3,Afternoon
6.5,14,10.52,24,12.3,Afternoon
6.5,14,10.52,24,12.3,Afternoon
6.5,14,10.52,24,12.3,Afternoon
6.5,14,10.52,24,12.3,Afternoon
6,13,10.52,24,12.3,Night
6,13,10.52,24,12.3,Night
6,13,10.52,24,12.3,Night
6,13,10.52,24,12.3,Night
6,13,10.52,24,12.3,Night
6,13,10.52,24,12.3,Night
6,13,10.52,24,12.3,Night
6,13,10.52,24,12.3,Night
6,13,10.52,24,12.3,Night
6,13,10.52,24,12.3,Night
6,13,10.52,24,12.3,Night
6,13,10.52,24,12.3,Night
6.5,14,10.52,24,12.3,Morning
65.5,14,10.52,24,12.3,Morning
6.5,14,10.52,24,12.3,Morning
6.7,14,10.52,24,12.3,Morning
6.7,14,10.52,24,12.3,Morning
6.7,14,10.52,24,12.3,Morning
6.5,14,10.52,24,12.3,Morning
6.5,14,10.52,24,12.3,Morning
6.5,14,10.52,24,12.3,Morning
6,14,10.52,24,12.3,Morning
6,14,10.52,24,12.3,Morning
6,14,10.52,24,12.3,Morning
6,14,10.52,24,12.3,Morning
6,14,10.52,24,12.3,Morning
6,14,10.52,24,12.3,Morning
6,14,10.52,24,12.3,Afternoon
6,14,10.52,24,12.3,Afternoon
6,14,10.52,24,12.3,Afternoon
6,14,10.52,24,12.3,Afternoon
6,14,10.52,24,12.3,Afternoon
6.3,14,10.52,24,12.3,Afternoon
6.3,14,10.52,24,12.3,Afternoon
6.3,14,10.52,24,12.3,Afternoon
6.3,14,10.52,24,12.3,Afternoon
6.3,14,10.52,24,12.3,Afternoon
6.5,14,10.52,24,12.3,Night
6.5,14,10.52,24,12.3,Night
6.5,14,10.52,24,12.3,Night
6.5,14,10.52,24,12.3,Night
6.5,14,10.52,24,12.3,Night
6.5,14,10.52,24,12.3,Night
6.5,14,10.52,24,12.3,Night
6.5,14,10.52,24,12.3,Night
6.5,14,10.52,24,12.3,Night
6.5,14,10.52,24,12.3,Night
6.5,14,10.52,24,12.3,Night
6.5,14,10.52,24,12.3,Night
6.5,14,10.52,24,12.3,Night
6.5,14,10.52,24,12.3,Night
6.5,14,10.52,24,12.3,Night
6.5,14,10.52,24,12.3,Night
6.5,14,10.52,24,12.3,Night
6.5,14,10.52,24,12.3,Night
6.5,14,10.52,24,12.3,Night
5.8,14,11.06,25,12.92,Morning
5.8,14,11.06,25,12.92,Morning
5.8,14,11.06,25,12.92,Morning
5.8,14,11.06,25,12.92,Morning
5.8,14,11.06,25,12.92,Morning
5.8,14,11.06,25,12.92,Morning
5.8,14,11.06,25,12.92,Morning
5.8,14,11.06,25,12.92,Morning
5.8,14,11.06,25,12.92,Morning
5.8,14,11.06,25,12.92,Morning
5.8,14,11.06,25,12.92,Morning
5.5,14,11.06,25,12.92,Morning
5.5,14,11.06,25,12.92,Morning
5.5,14,11.06,25,12.92,Morning
5.5,14,11.06,25,12.92,Morning
5.3,14,11.06,25,12.92,Afternoon
5.3,14,11.06,25,12.92,Afternoon
5.3,14,11.06,25,12.92,Afternoon
5.3,14,11.06,25,12.92,Afternoon
5,14,11.06,25,12.92,Afternoon
5,14,11.06,25,12.92,Afternoon
5,14,11.06,25,12.92,Afternoon
5,14,11.06,25,12.92,Afternoon
5,14,11.06,25,12.92,Afternoon
5,14,11.06,25,12.92,Afternoon
5,14,11.06,25,12.92,Afternoon
5.4,15,11.06,25,12.92,Night
5.4,15,11.06,25,12.92,Night
5.4,15,11.06,25,12.92,Night
5.4,15,11.06,25,12.92,Night
5.4,15,11.06,25,12.92,Night
5.4,15,11.06,25,12.92,Night
5.4,15,11.06,25,12.92,Night
5.4,15,11.06,25,12.92,Night
5.4,15,11.06,25,12.92,Night
5.4,15,11.06,25,12.92,Night
5.4,15,11.06,25,12.92,Night
5,15,11.06,25,12.92,Night
5,15,11.06,25,12.92,Night
5,15,11.06,25,12.92,Night
5,15,11.06,25,12.92,Morning
5,15,11.06,25,12.92,Morning
5,15,11.06,25,12.92,Morning
5,15,11.06,25,12.92,Morning
5,15,11.06,25,12.92,Morning
5,15,11.06,25,12.92,Morning
5,15,11.06,25,12.92,Morning
5,15,11.06,25,12.92,Morning
5,15,11.06,25,12.92,Morning
5,15,11.06,25,12.92,Morning
5,15,11.06,25,12.92,Morning
5,15,11.06,25,12.92,Morning
5,15,11.06,25,12.92,Morning
5,15,11.06,25,12.92,Morning
5,15,11.06,25,12.92,Afternoon
5.2,15,11.06,25,12.92,Afternoon
5.2,15,11.06,25,12.92,Afternoon
5.2,15,11.06,25,12.92,Afternoon
5.2,15,11.06,25,12.92,Afternoon
5.2,15,11.06,25,12.92,Afternoon
5.2,15,11.06,25,12.92,Afternoon
5.2,15,11.06,25,12.92,Afternoon
5.2,15,11.06,25,12.92,Afternoon
5.2,15,11.06,25,12.92,Afternoon
5.2,15,11.06,25,12.92,Afternoon
5.4,15,11.06,25,12.92,Night
5.4,15,11.06,25,12.92,Night
5.4,15,11.06,25,12.92,Night
5.4,15,11.06,25,12.92,Night
5.4,15,11.06,25,12.92,Night
5.4,15,11.06,25,12.92,Night
5.4,15,11.06,25,12.92,Night
5.4,15,11.06,25,12.92,Night
5.4,15,11.06,25,12.92,Night
5.4,15,11.06,25,12.92,Night
5.4,15,11.06,25,12.92,Night
5.4,15,11.06,25,12.92,Night
5.4,15,11.06,25,12.92,Night
5.4,15,11.06,25,12.92,Night
5.4,15,11.06,25,12.92,Night
5.4,15,11.06,25,12.92,Night
5.4,15,11.06,25,12.92,Night
5.4,15,11.06,25,12.92,Night
5.4,15,11.06,25,12.92,Night
5.4,15,11.06,25,12.92,Night
5.4,15,11.06,25,12.92,Night
5.4,15,11.06,25,12.92,Night
5.4,15,11.06,25,12.92,Night
5.4,15,11.06,25,12.92,Night
5.4,15,11.06,25,12.92,Night
5.4,15,11.06,25,12.92,Night
5.4,15,11.06,25,12.92,Night
5.4,15,11.06,25,12.92,Night
5.4,15,11.06,25,12.92,Night
3.7,15,10.58,26,12.54,Morning
3.7,15,10.58,26,12.54,Morning
4.1,15,10.58,26,12.54,Morning
4.1,15,10.58,26,12.54,Morning
4.1,15,10.58,26,12.54,Morning
5,15,10.58,26,12.54,Morning
5,15,10.58,26,12.54,Morning
5.5,15,10.58,26,12.54,Morning
5.5,15,10.58,26,12.54,Morning
5.5,15,10.58,26,12.54,Morning
5.5,15,10.58,26,12.54,Morning
5.5,15,10.58,26,12.54,Morning
5.3,15,10.58,26,12.54,Morning
5.3,15,10.58,26,12.54,Afternoon
5.3,15,10.58,26,12.54,Afternoon
5.3,15,10.58,26,12.54,Afternoon
5.3,15,10.58,26,12.54,Afternoon
5.3,15,10.58,26,12.54,Afternoon
5.3,15,10.58,26,12.54,Afternoon
5.3,15,10.58,26,12.54,Afternoon
5.3,15,10.58,26,12.54,Afternoon
5.5,16,11.22,26,12.87,Afternoon
5.5,16,11.22,26,12.87,Afternoon
5.5,16,11.22,26,12.87,Afternoon
5.5,16,11.22,26,12.87,Morning
5.5,16,11.22,26,12.87,Morning
5.5,16,11.22,26,12.87,Morning
5.5,16,11.22,26,12.87,Morning
5.5,16,11.22,26,12.87,Morning
5.5,16,11.22,26,12.87,Morning
5.5,16,11.22,26,12.87,Morning
5.5,16,11.22,26,12.87,Morning
5.5,16,11.22,26,12.87,Morning
5.5,16,11.22,26,12.87,Morning
5.5,16,11.22,26,12.87,Morning
5.5,16,11.22,26,12.87,Afternoon
5.5,16,11.22,26,12.87,Afternoon
5.5,16,11.22,26,12.87,Afternoon
5.5,16,11.22,26,12.87,Afternoon
5.5,16,11.22,26,12.87,Afternoon
5.5,16,11.22,26,12.87,Afternoon
5.5,16,11.22,26,12.87,Afternoon
5.5,16,11.22,26,12.87,Afternoon
5.5,16,11.22,26,12.87,Afternoon
5.5,16,11.22,26,12.87,Afternoon
5.5,16,11.22,26,12.87,Afternoon
5.5,16,11.22,26,12.87,Afternoon
5.5,16,11.22,26,12.87,Afternoon
3.5,14,11.22,26,12.87,Night
3.5,14,11.22,26,12.87,Night
3.5,14,11.22,26,12.87,Night
3.5,14,11.22,26,12.87,Night
3.9,14,11.22,26,12.87,Night
3.9,14,11.22,26,12.87,Night
3.9,14,11.22,26,12.87,Night
3.9,14,11.22,26,12.87,Night
3.5,14,11.22,26,12.87,Night
3.5,14,11.22,26,12.87,Night
4,14,11.22,26,12.87,Night
4,14,11.22,26,12.87,Night
4,14,11.22,26,12.87,Night
4,14,11.22,26,12.87,Night
4,14,11.22,26,12.87,Night
4,14,11.22,26,12.87,Night
4,14,11.22,26,12.87,Night
4,14,11.22,26,12.87,Night
4,14,11.22,26,12.87,Night
4,14,11.22,26,12.87,Night
4,14,11.22,26,12.87,Night
4,14,11.22,26,12.87,Night
4,14,11.22,26,12.87,Night
4,14,11.22,26,12.87,Night
4,14,11.22,26,12.87,Night
4,14,11.22,26,12.87,Morning
4,14,11.22,26,12.87,Morning
4,14,11.22,26,12.87,Morning
4,14,11.22,26,12.87,Morning
4,14,11.22,26,12.87,Morning
4,14,11.22,26,12.87,Morning
4,14,11.22,26,12.87,Morning
4,14,11.22,26,12.87,Morning
4,14,11.22,26,12.87,Morning
4,14,11.22,26,12.87,Morning
4,14,11.22,26,12.87,Morning
4,14,11.22,26,12.87,Morning
4,14,11.22,26,12.87,Morning
4,14,11.22,26,12.87,Afternoon
4,14,11.22,26,12.87,Afternoon
4,14,11.22,26,12.87,Afternoon
4,14,11.22,26,12.87,Afternoon
4,14,11.22,26,12.87,Afternoon
4,14,11.22,26,12.87,Afternoon
4,14,11.22,26,12.87,Afternoon
4,14,11.22,26,12.87,Afternoon
4,14,11.22,26,12.87,Afternoon
4,14,11.22,26,12.87,Afternoon
4,14,11.22,26,12.87,Afternoon
4,14,11.22,26,12.87,Afternoon
4,14,11.22,26,12.87,Afternoon
5.5,14,11.22,26,12.87,Night
5.5,14,11.22,26,12.87,Night
5.5,14,11.22,26,12.87,Night
5.3,14,11.22,26,12.87,Night
5.3,14,11.22,26,12.87,Night
5.3,14,11.22,26,12.87,Night
5.3,14,11.22,26,12.87,Night
5.5,14,11.22,26,12.87,Night
5.5,14,11.22,26,12.87,Night
5.5,14,11.22,26,12.87,Night
5.8,14,11.22,26,12.87,Night
5.8,14,11.22,26,12.87,Night
5.8,14,11.22,26,12.87,Night
6,14,11.22,26,12.87,Night
6,14,11.22,26,12.87,Night
6,14,11.22,26,12.87,Night
6,14,11.22,26,12.87,Night
6,14,11.22,26,12.87,Night
6,14,11.22,26,12.87,Night
5.5,13,10.72,26,12.35,Morning
5.5,13,10.72,26,12.35,Morning
5.5,13,10.72,26,12.35,Morning
5.5,13,10.72,26,12.35,Morning
5.8,13,10.72,26,12.35,Morning
5.8,13,10.72,26,12.35,Morning
5.8,13,10.72,26,12.35,Morning
5.8,13,10.72,26,12.35,Morning
5.8,13,10.72,26,12.35,Morning
5.8,13,10.72,26,12.35,Morning
6,13,10.72,26,12.35,Afternoon
6,13,10.72,26,12.35,Afternoon
6,13,10.72,26,12.35,Afternoon
6.5,13,10.72,26,12.35,Afternoon
6.5,13,10.72,26,12.35,Afternoon
6.5,13,10.72,26,12.35,Afternoon
6.5,13,10.72,26,12.35,Afternoon
7,13,10.72,26,12.35,Afternoon
7,13,10.72,26,12.35,Afternoon
6.7,13,10.72,26,12.35,Afternoon
6.7,13,10.72,26,12.35,Afternoon
6.7,13,10.72,26,12.35,Afternoon
6.7,13,10.72,26,12.35,Afternoon
6,13,10.72,26,12.35,Night
6,13,10.72,26,12.35,Night
6,13,10.72,26,12.35,Night
6,13,10.72,26,12.35,Night
6,13,10.72,26,12.35,Night
6,13,10.72,26,12.35,Night
6,13,10.72,26,12.35,Night
6,13,10.72,26,12.35,Night
6,13,10.72,26,12.35,Night
5.8,13,10.72,26,12.35,Night
5.8,13,10.72,26,12.35,Night
5.8,13,10.72,26,12.35,Night
5.8,13,10.72,26,12.35,Night
5.9,13,10.72,26,12.35,Night
5.9,13,10.72,26,12.35,Night
5.9,13,10.72,26,12.35,Night
5.9,13,10.72,26,12.35,Night
5.9,13,10.72,26,12.35,Night
6.3,13,10.72,26,12.35,Night
6.3,13,10.72,26,12.35,Night
6.3,13,10.72,26,12.35,Night
6.3,13,10.72,26,12.35,Night
6.3,15,10.72,26,12.35,Morning
6.3,15,10.72,26,12.35,Morning
6.3,15,10.72,26,12.35,Morning
6.6,15,10.72,26,12.35,Morning
6.6,15,10.72,26,12.35,Morning
6.6,15,10.72,26,12.35,Morning
6.6,15,10.72,26,12.35,Morning
6.2,15,10.72,26,12.35,Morning
6.2,15,10.72,26,12.35,Morning
6.2,15,10.72,26,12.35,Morning
6.2,15,10.72,26,12.35,Morning
6.2,15,10.72,26,12.35,Afternoon
6,15,10.72,26,12.35,Afternoon
6,15,10.72,26,12.35,Afternoon
6,15,10.72,26,12.35,Afternoon
6,15,10.72,26,12.35,Afternoon
6,15,10.72,26,12.35,Afternoon
6,15,10.72,26,12.35,Afternoon
6,15,10.72,26,12.35,Afternoon
6,15,10.72,26,12.35,Afternoon
6,15,10.72,26,12.35,Afternoon
6,15,10.72,26,12.35,Afternoon
6,15,10.72,26,12.35,Afternoon
6,15,10.72,26,12.35,Afternoon
6.3,15,10.72,26,12.35,Night
6.3,15,10.72,26,12.35,Night
6.3,15,10.72,26,12.35,Night
6.3,15,10.72,26,12.35,Night
6.3,15,10.72,26,12.35,Night
6.3,15,10.72,26,12.35,Night
6.3,15,10.72,26,12.35,Night
6.3,15,10.72,26,12.35,Night
6.3,15,10.72,26,12.35,Night
6.3,15,10.72,26,12.35,Night
6.3,15,10.72,26,12.35,Night
6.3,15,10.72,26,12.35,Night
6.2,15,10.72,26,12.35,Night
6.2,15,10.72,26,12.35,Night
6.2,15,10.72,26,12.35,Night
6.2,15,10.72,26,12.35,Night
6.2,15,10.72,26,12.35,Night
6.2,15,10.72,26,12.35,Night
6.2,15,10.72,26,12.35,Night
6.2,15,10.72,26,12.35,Night
6.2,15,10.72,26,12.35,Night
6.2,14,10.72,26,12.35,Morning
6.2,14,10.72,26,12.35,Morning
6.2,14,10.72,26,12.35,Morning
6.2,14,10.72,26,12.35,Morning
6.2,14,10.72,26,12.35,Morning
6.2,14,10.72,26,12.35,Morning
6.2,14,10.72,26,12.35,Morning
6.2,14,10.72,26,12.35,Morning
6.2,14,10.72,26,12.35,Morning
6.2,14,10.72,26,12.35,Morning
6.2,14,10.72,26,12.35,Morning
6.2,14,10.72,26,12.35,Morning
6.2,14,10.72,26,12.35,Morning
6.2,14,10.72,26,12.35,Morning
6.2,14,10.72,26,12.35,Afternoon
6.2,14,10.72,26,12.35,Afternoon
6.2,14,10.72,26,12.35,Afternoon
6.2,14,10.72,26,12.35,Afternoon
6.2,14,10.72,26,12.35,Afternoon
6.2,14,10.72,26,12.35,Afternoon
6.2,14,10.72,26,12.35,Afternoon
6.2,14,10.72,26,12.35,Afternoon
6.2,14,10.72,26,12.35,Afternoon
6.2,14,10.72,26,12.35,Afternoon
6.5,15,10.72,26,12.35,Night
6.5,15,10.72,26,12.35,Night
6.5,15,10.72,26,12.35,Night
6.5,15,10.72,26,12.35,Night
6.5,15,10.72,26,12.35,Night
6.2,15,11.08,26,12.89,Morning
6.2,15,11.08,26,12.89,Morning
6.2,15,11.08,26,12.89,Morning
6.2,15,11.08,26,12.89,Morning
6.2,15,11.08,26,12.89,Morning
6.2,15,11.08,26,12.89,Morning
6.2,15,11.08,26,12.89,Morning
6.2,15,11.08,26,12.89,Morning
6.2,15,11.08,26,12.89,Morning
6.5,15,11.08,26,12.89,Morning
6.5,15,11.08,26,12.89,Morning
6.5,15,11.08,26,12.89,Morning
6.5,15,11.08,26,12.89,Morning
6.5,15,11.08,26,12.89,Morning
6.5,15,11.08,26,12.89,Afternoon
6.5,15,11.08,26,12.89,Afternoon
6.5,15,11.08,26,12.89,Afternoon
6.5,15,11.08,26,12.89,Afternoon
6.5,15,11.08,26,12.89,Afternoon
6.5,15,11.08,26,12.89,Afternoon
6.5,15,11.08,26,12.89,Afternoon
6.5,15,11.08,26,12.89,Afternoon
6.5,15,11.08,26,12.89,Afternoon
6.5,15,11.08,26,12.89,Afternoon
6.5,15,11.08,26,12.89,Afternoon
6.2,14,11.08,26,12.89,Night
6.2,14,11.08,26,12.89,Night
6.2,14,11.08,26,12.89,Night
6.2,14,11.08,26,12.89,Night
6.2,14,11.08,26,12.89,Night
6.2,14,11.08,26,12.89,Night
6.2,14,11.08,26,12.89,Night
6.2,14,11.08,26,12.89,Night
6.2,14,11.08,26,12.89,Night
6.2,14,11.08,26,12.89,Night
6.2,14,11.08,26,12.89,Night
6.2,14,11.08,26,12.89,Night
6.2,14,11.08,26,12.89,Night
6.2,14,11.08,26,12.89,Night
6.2,14,11.08,26,12.89,Night
6.2,14,11.08,26,12.89,Night
6.2,14,11.08,26,12.89,Night
6.2,14,11.08,26,12.89,Night
6.2,14,11.08,26,12.89,Night
6.2,14,11.08,26,12.89,Night
6.2,14,11.08,26,12.89,Night
6.2,14,11.08,26,12.89,Night
6.2,14,11.08,26,12.89,Night
6,15,11.08,26,12.89,Morning
6,15,11.08,26,12.89,Morning
6,15,11.08,26,12.89,Morning
6,15,11.08,26,12.89,Morning
6,15,11.08,26,12.89,Morning
6,15,11.08,26,12.89,Morning
6,15,11.08,26,12.89,Morning
6,15,11.08,26,12.89,Morning
6,15,11.08,26,12.89,Morning
6,15,11.08,26,12.89,Morning
6,15,11.08,26,12.89,Morning
6,15,11.08,26,12.89,Morning
6,15,11.08,26,12.89,Morning
6,15,11.08,26,12.89,Morning
6,15,11.08,26,12.89,Afternoon
6,15,11.08,26,12.89,Afternoon
6,15,11.08,26,12.89,Afternoon
6,15,11.08,26,12.89,Afternoon
6,15,11.08,26,12.89,Afternoon
6,15,11.08,26,12.89,Afternoon
6,15,11.08,26,12.89,Afternoon
6,15,11.08,26,12.89,Afternoon
6,15,11.08,26,12.89,Afternoon
6,15,11.08,26,12.89,Afternoon
6,15,11.08,26,12.89,Afternoon
6,15,11.08,26,12.89,Afternoon
6,15,11.08,26,12.89,Afternoon
6,15,11.08,26,12.89,Afternoon
6,15,11.08,26,12.89,Afternoon
6.2,15,11.08,26,12.89,Night
6.2,15,11.08,26,12.89,Night
6.2,15,11.08,26,12.89,Night
6.2,15,11.08,26,12.89,Night
6.2,15,11.08,26,12.89,Night
6.2,15,11.08,26,12.89,Night
6.2,15,11.08,26,12.89,Night
6.2,15,11.08,26,12.89,Night
7,15,11.08,26,12.89,Night
7,15,11.08,26,12.89,Night
7,15,11.08,26,12.89,Night
7,15,11.08,26,12.89,Night
7,15,11.08,26,12.89,Night
7,15,11.08,26,12.89,Night
7,15,11.08,26,12.89,Night
7,15,11.08,26,12.89,Night
7,15,11.08,26,12.89,Night
7,15,11.08,26,12.89,Night
7,15,11.08,26,12.89,Night
7,15,11.08,26,12.89,Night
7,15,11.08,26,12.89,Night
7,15,11.08,26,12.89,Night
7.2,15,11.08,26,12.89,Morning
7.2,15,11.08,26,12.89,Morning
7.2,15,11.08,26,12.89,Morning
7.2,15,11.08,26,12.89,Morning
7.2,15,11.08,26,12.89,Morning
7.2,15,11.08,26,12.89,Morning
7,15.2,11.08,26,12.89,Morning
7,15.2,11.08,26,12.89,Morning
7.2,15.2,11.08,26,12.89,Morning
7.2,15.2,11.08,26,12.89,Morning
7.2,15.2,11.08,26,12.89,Morning
7.2,15.2,11.08,26,12.89,Morning
7.2,15.2,11.08,26,12.89,Morning
7.2,15.2,11.08,26,12.89,Afternoon
7.4,15.2,11.08,26,12.89,Afternoon
7.4,15.2,11.08,26,12.89,Afternoon
7.4,15.2,11.08,26,12.89,Afternoon
7.4,15.2,11.08,26,12.89,Afternoon
7.4,15.2,11.08,26,12.89,Afternoon
7.4,15.2,11.08,26,12.89,Afternoon
7.4,15.2,11.08,26,12.89,Afternoon
7.4,15.2,11.08,26,12.89,Afternoon
7.4,15.2,11.08,26,12.89,Afternoon
7.4,15.2,11.08,26,12.89,Afternoon
7.4,15.2,11.08,26,12.89,Afternoon
7.4,15.2,11.08,26,12.89,Afternoon
7.4,15.2,11.08,26,12.89,Afternoon
7.7,15,11.08,26,12.89,Night
7.7,15,11.08,26,12.89,Night
7.7,15,11.08,26,12.89,Night
7.7,15,11.08,26,12.89,Night
7.7,15,11.08,26,12.89,Night
7.7,15,11.08,26,12.89,Night
7.7,15,11.08,26,12.89,Night
7.7,15,11.08,26,12.89,Night
7.7,15,11.08,26,12.89,Night
7.7,15,11.08,26,12.89,Night
7.7,15,11.08,26,12.89,Night
7.7,15,11.08,26,12.89,Night
7.7,15,11.08,26,12.89,Night
7.7,15,11.08,26,12.89,Night
7.7,15,11.08,26,12.89,Night
7.7,15,11.08,26,12.89,Night
7.7,15,11.08,26,12.89,Night
7.7,15,11.08,26,12.89,Night
7.7,15,11.08,26,12.89,Night
7.7,15,11.08,26,12.89,Night
7.7,15,11.08,26,12.89,Night
7.7,15,11.08,26,12.89,Night
7.7,15,11.08,26,12.89,Night
8,15,10.79,25,12.54,Morning
8,15,10.79,25,12.54,Morning
8,15,10.79,25,12.54,Morning
8,15,10.79,25,12.54,Morning
8,15,10.79,25,12.54,Morning
8,15,10.79,25,12.54,Morning
8,15,10.79,25,12.54,Morning
8,15,10.79,25,12.54,Morning
8,15,10.79,25,12.54,Morning
8,15,10.79,25,12.54,Morning
7.8,15,10.79,25,12.54,Morning
7.8,15,10.79,25,12.54,Morning
7.8,15,10.79,25,12.54,Morning
7.8,15,10.79,25,12.54,Afternoon
7.8,15,10.79,25,12.54,Afternoon
7.8,15,10.79,25,12.54,Afternoon
7.8,15,10.79,25,12.54,Afternoon
7.5,15,10.79,25,12.54,Afternoon
7.5,15,10.79,25,12.54,Afternoon
7.3,15,10.79,25,12.54,Afternoon
7.3,15,10.79,25,12.54,Afternoon
6.5,15,10.79,25,12.54,Afternoon
6.5,15,10.79,25,12.54,Afternoon
6.5,15,10.79,25,12.54,Afternoon
6.5,15,10.79,25,12.54,Afternoon
7,16,10.79,25,12.54,Night
7,16,10.79,25,12.54,Night
7,16,10.79,25,12.54,Night
7,16,10.79,25,12.54,Night
7.3,16,10.79,25,12.54,Night
7.3,16,10.79,25,12.54,Night
7.3,16,10.79,25,12.54,Night
7.3,16,10.79,25,12.54,Night
7,16,10.79,25,12.54,Night
7,16,10.79,25,12.54,Night
7,16,10.79,25,12.54,Night
8,16,10.79,25,12.54,Night
8,16,10.79,25,12.54,Night
8,16,10.79,25,12.54,Night
8.2,16,10.79,25,12.54,Night
8.2,16,10.79,25,12.54,Night
8.2,16,10.79,25,12.54,Night
8.4,16,10.79,25,12.54,Night
8.4,16,10.79,25,12.54,Night
8.4,16,10.79,25,12.54,Night
8.4,16,10.79,25,12.54,Night
8.4,16,10.79,25,12.54,Night
8.4,15,10.79,25,12.54,Morning
8.4,15,10.79,25,12.54,Morning
8.4,15,10.79,25,12.54,Morning
8.1,15,10.79,25,12.54,Morning
8.1,15,10.79,25,12.54,Morning
7.6,15,10.79,25,12.54,Morning
7.6,15,10.79,25,12.54,Morning
7.6,15,10.79,25,12.54,Morning
7.6,15,10.79,25,12.54,Morning
7.6,15,10.79,25,12.54,Morning
7.6,15,10.79,25,12.54,Morning
7.6,15,10.79,25,12.54,Morning
7.6,15,10.79,25,12.54,Morning
7.6,15,10.79,25,12.54,Morning
7.6,15,10.79,25,12.54,Afternoon
7.6,15,10.79,25,12.54,Afternoon
7.6,15,10.79,25,12.54,Afternoon
7.6,15,10.79,25,12.54,Afternoon
7.6,15,10.79,25,12.54,Afternoon
7.6,15,10.79,25,12.54,Afternoon
7.3,15,10.79,25,12.54,Afternoon
7.3,15,10.79,25,12.54,Afternoon
7.3,15,10.79,25,12.54,Afternoon
7.3,15,10.79,25,12.54,Afternoon
7,15,10.79,25,12.54,Night
7,15,10.79,25,12.54,Night
7,15,10.79,25,12.54,Night
7,15,10.79,25,12.54,Night
7,15,10.79,25,12.54,Night
7,15,10.79,25,12.54,Night
7,15,10.79,25,12.54,Night
7,15,10.79,25,12.54,Night
7,15,10.79,25,12.54,Night
7,15,10.79,25,12.54,Night
7,15,10.79,25,12.54,Night
7,15,10.79,25,12.54,Night
7,15,10.79,25,12.54,Night
7,15,10.79,25,12.54,Night
7,15,10.79,25,12.54,Night
7,15,10.79,25,12.54,Night
7,15,10.79,25,12.54,Night
7,15,10.79,25,12.54,Night
7,15,10.79,25,12.54,Night
7,15,10.79,25,12.54,Night
7,15,10.79,25,12.54,Night
7,15,10.79,25,12.54,Night
7,15,10.79,25,12.54,Night
7,15,10.79,25,12.54,Night
7,15,10.79,25,12.54,Night